1|AR-5381|Adjustable Race|NA|1000|750|NA|0|2003-07-01 00:00:00.000
2|BA-8327|Bearing Ball|NA|1000|750|NA|0|2003-07-01 00:00:00.000
3|BE-2349|BB Ball Bearing|NA|800|600|NA|1|2003-07-01 00:00:00.000
4|BE-2908|Headset Ball Bearings|NA|800|600|NA|0|2003-07-01 00:00:00.000
5|BL-2036|Blade|NA|800|600|NA|1|2003-07-01 00:00:00.000
6|CA-5965|LL Crankarm|Black|500|375|NA|0|2003-07-01 00:00:00.000
7|CA-6738|ML Crankarm|Black|500|375|NA|0|2003-07-01 00:00:00.000
8|CA-7457|HL Crankarm|Black|500|375|NA|0|2003-07-01 00:00:00.000
9|CB-2903|Chainring Bolts|Silver|1000|750|NA|0|2003-07-01 00:00:00.000
10|CN-6137|Chainring Nut|Silver|1000|750|NA|0|2003-07-01 00:00:00.000
11|CR-7833|Chainring|Black|1000|750|NA|0|2003-07-01 00:00:00.000
12|CR-9981|Crown Race|NA|1000|750|NA|0|2003-07-01 00:00:00.000
13|CS-2812|Chain Stays|NA|1000|750|NA|1|2003-07-01 00:00:00.000
14|DC-8732|Decal 1|NA|1000|750|NA|0|2003-07-01 00:00:00.000
15|DC-9824|Decal 2|NA|1000|750|NA|0|2003-07-01 00:00:00.000
16|DT-2377|Down Tube|NA|800|600|NA|1|2003-07-01 00:00:00.000
17|EC-M092|Mountain End Caps|NA|1000|750|NA|1|2003-07-01 00:00:00.000
18|EC-R098|Road End Caps|NA|1000|750|NA|1|2003-07-01 00:00:00.000
19|EC-T209|Touring End Caps|NA|1000|750|NA|1|2003-07-01 00:00:00.000
20|FE-3760|Fork End|NA|800|600|NA|1|2003-07-01 00:00:00.000
21|FH-2981|Freewheel|Silver|500|375|NA|0|2003-07-01 00:00:00.000
22|FW-1000|Flat Washer 1|NA|1000|750|NA|0|2003-07-01 00:00:00.000
23|FW-1200|Flat Washer 6|NA|1000|750|NA|0|2003-07-01 00:00:00.000
24|FW-1400|Flat Washer 2|NA|1000|750|NA|0|2003-07-01 00:00:00.000
25|FW-3400|Flat Washer 9|NA|1000|750|NA|0|2003-07-01 00:00:00.000
26|FW-3800|Flat Washer 4|NA|1000|750|NA|0|2003-07-01 00:00:00.000
27|FW-5160|Flat Washer 3|NA|1000|750|NA|0|2003-07-01 00:00:00.000
28|FW-5800|Flat Washer 8|NA|1000|750|NA|0|2003-07-01 00:00:00.000
29|FW-7160|Flat Washer 5|NA|1000|750|NA|0|2003-07-01 00:00:00.000
30|FW-9160|Flat Washer 7|NA|1000|750|NA|0|2003-07-01 00:00:00.000
31|FC-3654|Fork Crown|NA|800|600|NA|1|2003-07-01 00:00:00.000
32|FC-3982|Front Derailleur Cage|Silver|800|600|NA|0|2003-07-01 00:00:00.000
33|FL-2301|Front Derailleur Linkage|Silver|800|600|NA|0|2003-07-01 00:00:00.000
34|GP-0982|Guide Pulley|NA|800|600|NA|0|2003-07-01 00:00:00.000
35|GT-0820|LL Grip Tape|NA|800|600|NA|0|2003-07-01 00:00:00.000
36|GT-1209|ML Grip Tape|NA|800|600|NA|0|2003-07-01 00:00:00.000
37|GT-2908|HL Grip Tape|NA|800|600|NA|0|2003-07-01 00:00:00.000
38|HJ-1213|Thin-Jam Hex Nut 9|NA|1000|750|NA|0|2003-07-01 00:00:00.000
39|HJ-1220|Thin-Jam Hex Nut 10|NA|1000|750|NA|0|2003-07-01 00:00:00.000
40|HJ-1420|Thin-Jam Hex Nut 1|NA|1000|750|NA|0|2003-07-01 00:00:00.000
41|HJ-1428|Thin-Jam Hex Nut 2|NA|1000|750|NA|0|2003-07-01 00:00:00.000
42|HJ-3410|Thin-Jam Hex Nut 15|NA|1000|750|NA|0|2003-07-01 00:00:00.000
43|HJ-3416|Thin-Jam Hex Nut 16|NA|1000|750|NA|0|2003-07-01 00:00:00.000
44|HJ-3816|Thin-Jam Hex Nut 5|NA|1000|750|NA|0|2003-07-01 00:00:00.000
45|HJ-3824|Thin-Jam Hex Nut 6|NA|1000|750|NA|0|2003-07-01 00:00:00.000
46|HJ-5161|Thin-Jam Hex Nut 3|NA|1000|750|NA|0|2003-07-01 00:00:00.000
47|HJ-5162|Thin-Jam Hex Nut 4|NA|1000|750|NA|0|2003-07-01 00:00:00.000
48|HJ-5811|Thin-Jam Hex Nut 13|NA|1000|750|NA|0|2003-07-01 00:00:00.000
49|HJ-5818|Thin-Jam Hex Nut 14|NA|1000|750|NA|0|2003-07-01 00:00:00.000
50|HJ-7161|Thin-Jam Hex Nut 7|NA|1000|750|NA|0|2003-07-01 00:00:00.000
51|HJ-7162|Thin-Jam Hex Nut 8|NA|1000|750|NA|0|2003-07-01 00:00:00.000
52|HJ-9080|Thin-Jam Hex Nut 12|NA|1000|750|NA|0|2003-07-01 00:00:00.000
53|HJ-9161|Thin-Jam Hex Nut 11|NA|1000|750|NA|0|2003-07-01 00:00:00.000
54|HN-1024|Hex Nut 5|NA|1000|750|NA|0|2003-07-01 00:00:00.000
55|HN-1032|Hex Nut 6|NA|1000|750|NA|0|2003-07-01 00:00:00.000
56|HN-1213|Hex Nut 16|NA|1000|750|NA|0|2003-07-01 00:00:00.000
57|HN-1220|Hex Nut 17|NA|1000|750|NA|0|2003-07-01 00:00:00.000
58|HN-1224|Hex Nut 7|NA|1000|750|NA|0|2003-07-01 00:00:00.000
59|HN-1420|Hex Nut 8|NA|1000|750|NA|0|2003-07-01 00:00:00.000
60|HN-1428|Hex Nut 9|NA|1000|750|NA|0|2003-07-01 00:00:00.000
61|HN-3410|Hex Nut 22|NA|1000|750|NA|0|2003-07-01 00:00:00.000
62|HN-3416|Hex Nut 23|NA|1000|750|NA|0|2003-07-01 00:00:00.000
63|HN-3816|Hex Nut 12|NA|1000|750|NA|0|2003-07-01 00:00:00.000
64|HN-3824|Hex Nut 13|NA|1000|750|NA|0|2003-07-01 00:00:00.000
65|HN-4402|Hex Nut 1|NA|1000|750|NA|0|2003-07-01 00:00:00.000
66|HN-5161|Hex Nut 10|NA|1000|750|NA|0|2003-07-01 00:00:00.000
67|HN-5162|Hex Nut 11|NA|1000|750|NA|0|2003-07-01 00:00:00.000
68|HN-5400|Hex Nut 2|NA|1000|750|NA|0|2003-07-01 00:00:00.000
69|HN-5811|Hex Nut 20|NA|1000|750|NA|0|2003-07-01 00:00:00.000
70|HN-5818|Hex Nut 21|NA|1000|750|NA|0|2003-07-01 00:00:00.000
71|HN-6320|Hex Nut 3|NA|1000|750|NA|0|2003-07-01 00:00:00.000
72|HN-7161|Hex Nut 14|NA|1000|750|NA|0|2003-07-01 00:00:00.000
73|HN-7162|Hex Nut 15|NA|1000|750|NA|0|2003-07-01 00:00:00.000
74|HN-8320|Hex Nut 4|NA|1000|750|NA|0|2003-07-01 00:00:00.000
75|HN-9161|Hex Nut 18|NA|1000|750|NA|0|2003-07-01 00:00:00.000
76|HN-9168|Hex Nut 19|NA|1000|750|NA|0|2003-07-01 00:00:00.000
77|HT-2981|Handlebar Tube|NA|800|600|NA|1|2003-07-01 00:00:00.000
78|HT-8019|Head Tube|NA|800|600|NA|1|2003-07-01 00:00:00.000
79|HU-6280|LL Hub|NA|500|375|NA|1|2003-07-01 00:00:00.000
80|HU-8998|HL Hub|NA|500|375|NA|1|2003-07-01 00:00:00.000
81|KW-4091|Keyed Washer|NA|1000|750|NA|0|2003-07-01 00:00:00.000
82|LE-1000|External Lock Washer 3|NA|1000|750|NA|0|2003-07-01 00:00:00.000
83|LE-1200|External Lock Washer 4|NA|1000|750|NA|0|2003-07-01 00:00:00.000
84|LE-1201|External Lock Washer 9|NA|1000|750|NA|0|2003-07-01 00:00:00.000
85|LE-1400|External Lock Washer 5|NA|1000|750|NA|0|2003-07-01 00:00:00.000
86|LE-3800|External Lock Washer 7|NA|1000|750|NA|0|2003-07-01 00:00:00.000
87|LE-5160|External Lock Washer 6|NA|1000|750|NA|0|2003-07-01 00:00:00.000
88|LE-6000|External Lock Washer 1|NA|1000|750|NA|0|2003-07-01 00:00:00.000
89|LE-7160|External Lock Washer 8|NA|1000|750|NA|0|2003-07-01 00:00:00.000
90|LE-8000|External Lock Washer 2|NA|1000|750|NA|0|2003-07-01 00:00:00.000
91|LI-1000|Internal Lock Washer 3|NA|1000|750|NA|0|2003-07-01 00:00:00.000
92|LI-1200|Internal Lock Washer 4|NA|1000|750|NA|0|2003-07-01 00:00:00.000
93|LI-1201|Internal Lock Washer 9|NA|1000|750|NA|0|2003-07-01 00:00:00.000
94|LI-1400|Internal Lock Washer 5|NA|1000|750|NA|0|2003-07-01 00:00:00.000
95|LI-3800|Internal Lock Washer 7|NA|1000|750|NA|0|2003-07-01 00:00:00.000
96|LI-5160|Internal Lock Washer 6|NA|1000|750|NA|0|2003-07-01 00:00:00.000
97|LI-5800|Internal Lock Washer 10|NA|1000|750|NA|0|2003-07-01 00:00:00.000
98|LI-6000|Internal Lock Washer 1|NA|1000|750|NA|0|2003-07-01 00:00:00.000
99|LI-7160|Internal Lock Washer 8|NA|1000|750|NA|0|2003-07-01 00:00:00.000
100|LI-8000|Internal Lock Washer 2|NA|1000|750|NA|0|2003-07-01 00:00:00.000
101|LJ-1213|Thin-Jam Lock Nut 9|NA|1000|750|NA|0|2003-07-01 00:00:00.000
102|LJ-1220|Thin-Jam Lock Nut 10|NA|1000|750|NA|0|2003-07-01 00:00:00.000
103|LJ-1420|Thin-Jam Lock Nut 1|NA|1000|750|NA|0|2003-07-01 00:00:00.000
104|LJ-1428|Thin-Jam Lock Nut 2|NA|1000|750|NA|0|2003-07-01 00:00:00.000
105|LJ-3410|Thin-Jam Lock Nut 15|NA|1000|750|NA|0|2003-07-01 00:00:00.000
106|LJ-3416|Thin-Jam Lock Nut 16|NA|1000|750|NA|0|2003-07-01 00:00:00.000
107|LJ-3816|Thin-Jam Lock Nut 5|NA|1000|750|NA|0|2003-07-01 00:00:00.000
108|LJ-3824|Thin-Jam Lock Nut 6|NA|1000|750|NA|0|2003-07-01 00:00:00.000
109|LJ-5161|Thin-Jam Lock Nut 3|NA|1000|750|NA|0|2003-07-01 00:00:00.000
110|LJ-5162|Thin-Jam Lock Nut 4|NA|1000|750|NA|0|2003-07-01 00:00:00.000
111|LJ-5811|Thin-Jam Lock Nut 13|NA|1000|750|NA|0|2003-07-01 00:00:00.000
112|LJ-5818|Thin-Jam Lock Nut 14|NA|1000|750|NA|0|2003-07-01 00:00:00.000
113|LJ-7161|Thin-Jam Lock Nut 7|NA|1000|750|NA|0|2003-07-01 00:00:00.000
114|LJ-7162|Thin-Jam Lock Nut 8|NA|1000|750|NA|0|2003-07-01 00:00:00.000
115|LJ-9080|Thin-Jam Lock Nut 12|NA|1000|750|NA|0|2003-07-01 00:00:00.000
116|LJ-9161|Thin-Jam Lock Nut 11|NA|1000|750|NA|0|2003-07-01 00:00:00.000
117|LN-1024|Lock Nut 5|NA|1000|750|NA|0|2003-07-01 00:00:00.000
118|LN-1032|Lock Nut 6|NA|1000|750|NA|0|2003-07-01 00:00:00.000
119|LN-1213|Lock Nut 16|NA|1000|750|NA|0|2003-07-01 00:00:00.000
120|LN-1220|Lock Nut 17|NA|1000|750|NA|0|2003-07-01 00:00:00.000
121|LN-1224|Lock Nut 7|NA|1000|750|NA|0|2003-07-01 00:00:00.000
122|LN-1420|Lock Nut 8|NA|1000|750|NA|0|2003-07-01 00:00:00.000
123|LN-1428|Lock Nut 9|NA|1000|750|NA|0|2003-07-01 00:00:00.000
124|LN-3410|Lock Nut 22|NA|1000|750|NA|0|2003-07-01 00:00:00.000
125|LN-3416|Lock Nut 23|NA|1000|750|NA|0|2003-07-01 00:00:00.000
126|LN-3816|Lock Nut 12|NA|1000|750|NA|0|2003-07-01 00:00:00.000
127|LN-3824|Lock Nut 13|NA|1000|750|NA|0|2003-07-01 00:00:00.000
128|LN-4400|Lock Nut 1|NA|1000|750|NA|0|2003-07-01 00:00:00.000
129|LN-5161|Lock Nut 10|NA|1000|750|NA|0|2003-07-01 00:00:00.000
130|LN-5162|Lock Nut 11|NA|1000|750|NA|0|2003-07-01 00:00:00.000
131|LN-5400|Lock Nut 2|NA|1000|750|NA|0|2003-07-01 00:00:00.000
132|LN-5811|Lock Nut 20|NA|1000|750|NA|0|2003-07-01 00:00:00.000
133|LN-5818|Lock Nut 21|NA|1000|750|NA|0|2003-07-01 00:00:00.000
134|LN-6320|Lock Nut 3|NA|1000|750|NA|0|2003-07-01 00:00:00.000
135|LN-7161|Lock Nut 14|NA|1000|750|NA|0|2003-07-01 00:00:00.000
136|LN-7162|Lock Nut 15|NA|1000|750|NA|0|2003-07-01 00:00:00.000
137|LN-8320|Lock Nut 4|NA|1000|750|NA|0|2003-07-01 00:00:00.000
138|LN-9080|Lock Nut 19|NA|1000|750|NA|0|2003-07-01 00:00:00.000
139|LN-9161|Lock Nut 18|NA|1000|750|NA|0|2003-07-01 00:00:00.000
140|LR-2398|Lock Ring|Silver|1000|750|NA|0|2003-07-01 00:00:00.000
141|LR-8520|Lower Head Race|NA|1000|750|NA|0|2003-07-01 00:00:00.000
142|LW-1000|Lock Washer 4|NA|1000|750|NA|0|2003-07-01 00:00:00.000
143|LW-1200|Lock Washer 5|NA|1000|750|NA|0|2003-07-01 00:00:00.000
144|LW-1201|Lock Washer 10|NA|1000|750|NA|0|2003-07-01 00:00:00.000
145|LW-1400|Lock Washer 6|NA|1000|750|NA|0|2003-07-01 00:00:00.000
146|LW-3400|Lock Washer 13|NA|1000|750|NA|0|2003-07-01 00:00:00.000
147|LW-3800|Lock Washer 8|NA|1000|750|NA|0|2003-07-01 00:00:00.000
148|LW-4000|Lock Washer 1|NA|1000|750|NA|0|2003-07-01 00:00:00.000
149|LW-5160|Lock Washer 7|NA|1000|750|NA|0|2003-07-01 00:00:00.000
150|LW-5800|Lock Washer 12|NA|1000|750|NA|0|2003-07-01 00:00:00.000
151|LW-6000|Lock Washer 2|NA|1000|750|NA|0|2003-07-01 00:00:00.000
152|LW-7160|Lock Washer 9|NA|1000|750|NA|0|2003-07-01 00:00:00.000
153|LW-8000|Lock Washer 3|NA|1000|750|NA|0|2003-07-01 00:00:00.000
154|LW-9160|Lock Washer 11|NA|1000|750|NA|0|2003-07-01 00:00:00.000
155|MA-7075|Metal Angle|NA|1000|750|NA|0|2003-07-01 00:00:00.000
156|MB-2024|Metal Bar 1|NA|1000|750|NA|0|2003-07-01 00:00:00.000
157|MB-6061|Metal Bar 2|NA|1000|750|NA|0|2003-07-01 00:00:00.000
158|MP-2066|Metal Plate 2|NA|1000|750|NA|0|2003-07-01 00:00:00.000
159|MP-2503|Metal Plate 1|NA|1000|750|NA|0|2003-07-01 00:00:00.000
160|MP-4960|Metal Plate 3|NA|1000|750|NA|0|2003-07-01 00:00:00.000
161|MS-0253|Metal Sheet 2|NA|1000|750|NA|0|2003-07-01 00:00:00.000
162|MS-1256|Metal Sheet 3|NA|1000|750|NA|0|2003-07-01 00:00:00.000
163|MS-1981|Metal Sheet 7|NA|1000|750|NA|0|2003-07-01 00:00:00.000
164|MS-2259|Metal Sheet 4|NA|1000|750|NA|0|2003-07-01 00:00:00.000
165|MS-2341|Metal Sheet 5|NA|1000|750|NA|0|2003-07-01 00:00:00.000
166|MS-2348|Metal Sheet 6|NA|1000|750|NA|0|2003-07-01 00:00:00.000
167|MS-6061|Metal Sheet 1|NA|1000|750|NA|0|2003-07-01 00:00:00.000
168|MT-1000|Metal Tread Plate|NA|1000|750|NA|0|2003-07-01 00:00:00.000
169|NI-4127|LL Nipple|NA|1000|750|NA|0|2003-07-01 00:00:00.000
170|NI-9522|HL Nipple|NA|1000|750|NA|0|2003-07-01 00:00:00.000
171|PA-187B|Paint - Black|NA|60|45|NA|0|2003-07-01 00:00:00.000
172|PA-361R|Paint - Red|NA|60|45|NA|0|2003-07-01 00:00:00.000
173|PA-529S|Paint - Silver|NA|60|45|NA|0|2003-07-01 00:00:00.000
174|PA-632U|Paint - Blue|NA|60|45|NA|0|2003-07-01 00:00:00.000
175|PA-823Y|Paint - Yellow|NA|60|45|NA|0|2003-07-01 00:00:00.000
176|PB-6109|Pinch Bolt|NA|1000|750|NA|0|2003-07-01 00:00:00.000
177|RA-2345|Cup-Shaped Race|NA|1000|750|NA|0|2003-07-01 00:00:00.000
178|RA-7490|Cone-Shaped Race|NA|1000|750|NA|0|2003-07-01 00:00:00.000
179|RF-9198|Reflector|NA|1000|750|NA|0|2003-07-01 00:00:00.000
180|RM-M464|LL Mountain Rim|NA|800|600|NA|0|2003-07-01 00:00:00.000
181|RM-M692|ML Mountain Rim|NA|800|600|NA|0|2003-07-01 00:00:00.000
182|RM-M823|HL Mountain Rim|NA|800|600|NA|0|2003-07-01 00:00:00.000
183|RM-R436|LL Road Rim|NA|800|600|NA|0|2003-07-01 00:00:00.000
184|RM-R600|ML Road Rim|NA|800|600|NA|0|2003-07-01 00:00:00.000
185|RM-R800|HL Road Rim|NA|800|600|NA|0|2003-07-01 00:00:00.000
186|RM-T801|Touring Rim|NA|800|600|NA|0|2003-07-01 00:00:00.000
187|SA-M198|LL Mountain Seat Assembly|NA|500|375|NA|1|2003-07-01 00:00:00.000
188|SA-M237|ML Mountain Seat Assembly|NA|500|375|NA|1|2003-07-01 00:00:00.000
189|SA-M687|HL Mountain Seat Assembly|NA|500|375|NA|1|2003-07-01 00:00:00.000
190|SA-R127|LL Road Seat Assembly|NA|500|375|NA|1|2003-07-01 00:00:00.000
191|SA-R430|ML Road Seat Assembly|NA|500|375|NA|1|2003-07-01 00:00:00.000
192|SA-R522|HL Road Seat Assembly|NA|500|375|NA|1|2003-07-01 00:00:00.000
193|SA-T467|LL Touring Seat Assembly|NA|500|375|NA|1|2003-07-01 00:00:00.000
194|SA-T612|ML Touring Seat Assembly|NA|500|375|NA|1|2003-07-01 00:00:00.000
195|SA-T872|HL Touring Seat Assembly|NA|500|375|NA|1|2003-07-01 00:00:00.000
196|SD-2342|LL Spindle/Axle|NA|500|375|NA|0|2003-07-01 00:00:00.000
197|SD-9872|HL Spindle/Axle|NA|500|375|NA|0|2003-07-01 00:00:00.000
198|SH-4562|LL Shell|NA|800|600|NA|0|2003-07-01 00:00:00.000
199|SH-9312|HL Shell|NA|800|600|NA|0|2003-07-01 00:00:00.000
200|SK-9283|Spokes|NA|1000|750|NA|0|2003-07-01 00:00:00.000
201|SL-0931|Seat Lug|NA|1000|750|NA|0|2003-07-01 00:00:00.000
202|SM-9087|Stem|NA|500|375|NA|1|2003-07-01 00:00:00.000
203|SP-2981|Seat Post|NA|500|375|NA|0|2003-07-01 00:00:00.000
204|SR-2098|Steerer|NA|500|375|NA|1|2003-07-01 00:00:00.000
205|SS-2985|Seat Stays|NA|800|600|NA|1|2003-07-01 00:00:00.000
206|ST-9828|Seat Tube|NA|500|375|NA|1|2003-07-01 00:00:00.000
207|TO-2301|Top Tube|NA|500|375|NA|1|2003-07-01 00:00:00.000
208|TP-0923|Tension Pulley|NA|800|600|NA|0|2003-07-01 00:00:00.000
209|RC-0291|Rear Derailleur Cage|Silver|500|375|NA|0|2003-07-01 00:00:00.000
210|FR-R92B-58|HL Road Frame - Black, 58|Black|500|375|54-58 CM|1|2003-07-01 00:00:00.000
211|FR-R92R-58|HL Road Frame - Red, 58|Red|500|375|54-58 CM|1|2003-07-01 00:00:00.000
212|HL-U509-R|Sport-100 Helmet, Red|Red|4|3|NA|0|2011-07-01 00:00:00.000
213|HL-U509-R|Sport-100 Helmet, Red|Red|4|3|NA|0|2012-07-01 00:00:00.000
214|HL-U509-R|Sport-100 Helmet, Red|Red|4|3|NA|0|2013-07-01 00:00:00.000
215|HL-U509|Sport-100 Helmet, Black|Black|4|3|NA|0|2011-07-01 00:00:00.000
216|HL-U509|Sport-100 Helmet, Black|Black|4|3|NA|0|2012-07-01 00:00:00.000
217|HL-U509|Sport-100 Helmet, Black|Black|4|3|NA|0|2013-07-01 00:00:00.000
218|SO-B909-M|Mountain Bike Socks, M|White|4|3|M|0|2011-07-01 00:00:00.000
219|SO-B909-L|Mountain Bike Socks, L|White|4|3|L|0|2011-07-01 00:00:00.000
220|HL-U509-B|Sport-100 Helmet, Blue|Blue|4|3|NA|0|2011-07-01 00:00:00.000
221|HL-U509-B|Sport-100 Helmet, Blue|Blue|4|3|NA|0|2012-07-01 00:00:00.000
222|HL-U509-B|Sport-100 Helmet, Blue|Blue|4|3|NA|0|2013-07-01 00:00:00.000
223|CA-1098|AWC Logo Cap|Multi|4|3|NA|0|2011-07-01 00:00:00.000
224|CA-1098|AWC Logo Cap|Multi|4|3|NA|0|2012-07-01 00:00:00.000
225|CA-1098|AWC Logo Cap|Multi|4|3|NA|0|2013-07-01 00:00:00.000
226|LJ-0192-S|Long-Sleeve Logo Jersey, S|Multi|4|3|S|0|2011-07-01 00:00:00.000
227|LJ-0192-S|Long-Sleeve Logo Jersey, S|Multi|4|3|S|0|2012-07-01 00:00:00.000
228|LJ-0192-S|Long-Sleeve Logo Jersey, S|Multi|4|3|S|0|2013-07-01 00:00:00.000
229|LJ-0192-M|Long-Sleeve Logo Jersey, M|Multi|4|3|M|0|2011-07-01 00:00:00.000
230|LJ-0192-M|Long-Sleeve Logo Jersey, M|Multi|4|3|M|0|2012-07-01 00:00:00.000
231|LJ-0192-M|Long-Sleeve Logo Jersey, M|Multi|4|3|M|0|2013-07-01 00:00:00.000
232|LJ-0192-L|Long-Sleeve Logo Jersey, L|Multi|4|3|L|0|2011-07-01 00:00:00.000
233|LJ-0192-L|Long-Sleeve Logo Jersey, L|Multi|4|3|L|0|2012-07-01 00:00:00.000
234|LJ-0192-L|Long-Sleeve Logo Jersey, L|Multi|4|3|L|0|2013-07-01 00:00:00.000
235|LJ-0192-X|Long-Sleeve Logo Jersey, XL|Multi|4|3|XL|0|2011-07-01 00:00:00.000
236|LJ-0192-X|Long-Sleeve Logo Jersey, XL|Multi|4|3|XL|0|2012-07-01 00:00:00.000
237|LJ-0192-X|Long-Sleeve Logo Jersey, XL|Multi|4|3|XL|0|2013-07-01 00:00:00.000
238|FR-R92R-62|HL Road Frame - Red, 62|Red|500|375|60-62 CM|1|2011-07-01 00:00:00.000
239|FR-R92R-62|HL Road Frame - Red, 62|Red|500|375|60-62 CM|1|2012-07-01 00:00:00.000
240|FR-R92R-62|HL Road Frame - Red, 62|Red|500|375|60-62 CM|1|2013-07-01 00:00:00.000
241|FR-R92R-44|HL Road Frame - Red, 44|Red|500|375|42-46 CM|1|2011-07-01 00:00:00.000
242|FR-R92R-44|HL Road Frame - Red, 44|Red|500|375|42-46 CM|1|2012-07-01 00:00:00.000
243|FR-R92R-44|HL Road Frame - Red, 44|Red|500|375|42-46 CM|1|2013-07-01 00:00:00.000
244|FR-R92R-48|HL Road Frame - Red, 48|Red|500|375|48-52 CM|1|2011-07-01 00:00:00.000
245|FR-R92R-48|HL Road Frame - Red, 48|Red|500|375|48-52 CM|1|2012-07-01 00:00:00.000
246|FR-R92R-48|HL Road Frame - Red, 48|Red|500|375|48-52 CM|1|2013-07-01 00:00:00.000
247|FR-R92R-52|HL Road Frame - Red, 52|Red|500|375|48-52 CM|1|2011-07-01 00:00:00.000
248|FR-R92R-52|HL Road Frame - Red, 52|Red|500|375|48-52 CM|1|2012-07-01 00:00:00.000
249|FR-R92R-52|HL Road Frame - Red, 52|Red|500|375|48-52 CM|1|2013-07-01 00:00:00.000
250|FR-R92R-56|HL Road Frame - Red, 56|Red|500|375|54-58 CM|1|2011-07-01 00:00:00.000
251|FR-R92R-56|HL Road Frame - Red, 56|Red|500|375|54-58 CM|1|2012-07-01 00:00:00.000
252|FR-R92R-56|HL Road Frame - Red, 56|Red|500|375|54-58 CM|1|2013-07-01 00:00:00.000
253|FR-R38B-58|LL Road Frame - Black, 58|Black|500|375|54-58 CM|1|2011-07-01 00:00:00.000
254|FR-R38B-58|LL Road Frame - Black, 58|Black|500|375|54-58 CM|1|2012-07-01 00:00:00.000
255|FR-R38B-58|LL Road Frame - Black, 58|Black|500|375|54-58 CM|1|2013-07-01 00:00:00.000
256|FR-R38B-60|LL Road Frame - Black, 60|Black|500|375|60-62 CM|1|2011-07-01 00:00:00.000
257|FR-R38B-60|LL Road Frame - Black, 60|Black|500|375|60-62 CM|1|2012-07-01 00:00:00.000
258|FR-R38B-60|LL Road Frame - Black, 60|Black|500|375|60-62 CM|1|2013-07-01 00:00:00.000
259|FR-R38B-62|LL Road Frame - Black, 62|Black|500|375|60-62 CM|1|2011-07-01 00:00:00.000
260|FR-R38B-62|LL Road Frame - Black, 62|Black|500|375|60-62 CM|1|2012-07-01 00:00:00.000
261|FR-R38B-62|LL Road Frame - Black, 62|Black|500|375|60-62 CM|1|2013-07-01 00:00:00.000
262|FR-R38R-44|LL Road Frame - Red, 44|Red|500|375|42-46 CM|1|2011-07-01 00:00:00.000
263|FR-R38R-44|LL Road Frame - Red, 44|Red|500|375|42-46 CM|1|2012-07-01 00:00:00.000
264|FR-R38R-48|LL Road Frame - Red, 48|Red|500|375|48-52 CM|1|2011-07-01 00:00:00.000
265|FR-R38R-48|LL Road Frame - Red, 48|Red|500|375|48-52 CM|1|2012-07-01 00:00:00.000
266|FR-R38R-52|LL Road Frame - Red, 52|Red|500|375|48-52 CM|1|2011-07-01 00:00:00.000
267|FR-R38R-52|LL Road Frame - Red, 52|Red|500|375|48-52 CM|1|2012-07-01 00:00:00.000
268|FR-R38R-58|LL Road Frame - Red, 58|Red|500|375|54-58 CM|1|2011-07-01 00:00:00.000
269|FR-R38R-58|LL Road Frame - Red, 58|Red|500|375|54-58 CM|1|2012-07-01 00:00:00.000
270|FR-R38R-60|LL Road Frame - Red, 60|Red|500|375|60-62 CM|1|2011-07-01 00:00:00.000
271|FR-R38R-60|LL Road Frame - Red, 60|Red|500|375|60-62 CM|1|2012-07-01 00:00:00.000
272|FR-R38R-62|LL Road Frame - Red, 62|Red|500|375|60-62 CM|1|2011-07-01 00:00:00.000
273|FR-R38R-62|LL Road Frame - Red, 62|Red|500|375|60-62 CM|1|2012-07-01 00:00:00.000
274|FR-R72R-44|ML Road Frame - Red, 44|Red|500|375|42-46 CM|1|2011-07-01 00:00:00.000
275|FR-R72R-48|ML Road Frame - Red, 48|Red|500|375|48-52 CM|1|2011-07-01 00:00:00.000
276|FR-R72R-52|ML Road Frame - Red, 52|Red|500|375|48-52 CM|1|2011-07-01 00:00:00.000
277|FR-R72R-58|ML Road Frame - Red, 58|Red|500|375|54-58 CM|1|2011-07-01 00:00:00.000
278|FR-R72R-60|ML Road Frame - Red, 60|Red|500|375|60-62 CM|1|2011-07-01 00:00:00.000
279|FR-R38B-44|LL Road Frame - Black, 44|Black|500|375|42-46 CM|1|2011-07-01 00:00:00.000
280|FR-R38B-44|LL Road Frame - Black, 44|Black|500|375|42-46 CM|1|2012-07-01 00:00:00.000
281|FR-R38B-44|LL Road Frame - Black, 44|Black|500|375|42-46 CM|1|2013-07-01 00:00:00.000
282|FR-R38B-48|LL Road Frame - Black, 48|Black|500|375|48-52 CM|1|2011-07-01 00:00:00.000
283|FR-R38B-48|LL Road Frame - Black, 48|Black|500|375|48-52 CM|1|2012-07-01 00:00:00.000
284|FR-R38B-48|LL Road Frame - Black, 48|Black|500|375|48-52 CM|1|2013-07-01 00:00:00.000
285|FR-R38B-52|LL Road Frame - Black, 52|Black|500|375|48-52 CM|1|2011-07-01 00:00:00.000
286|FR-R38B-52|LL Road Frame - Black, 52|Black|500|375|48-52 CM|1|2012-07-01 00:00:00.000
287|FR-R38B-52|LL Road Frame - Black, 52|Black|500|375|48-52 CM|1|2013-07-01 00:00:00.000
288|FR-M94S-42|HL Mountain Frame - Silver, 42|Silver|500|375|42-46 CM|1|2011-07-01 00:00:00.000
289|FR-M94S-42|HL Mountain Frame - Silver, 42|Silver|500|375|42-46 CM|1|2012-07-01 00:00:00.000
290|FR-M94S-42|HL Mountain Frame - Silver, 42|Silver|500|375|42-46 CM|1|2013-07-01 00:00:00.000
291|FR-M94S-44|HL Mountain Frame - Silver, 44|Silver|500|375|42-46 CM|1|2011-07-01 00:00:00.000
292|FR-M94S-52|HL Mountain Frame - Silver, 48|Silver|500|375|48-52 CM|1|2011-07-01 00:00:00.000
293|FR-M94S-46|HL Mountain Frame - Silver, 46|Silver|500|375|42-46 CM|1|2011-07-01 00:00:00.000
294|FR-M94S-46|HL Mountain Frame - Silver, 46|Silver|500|375|42-46 CM|1|2012-07-01 00:00:00.000
295|FR-M94S-46|HL Mountain Frame - Silver, 46|Silver|500|375|42-46 CM|1|2013-07-01 00:00:00.000
296|FR-M94B-42|HL Mountain Frame - Black, 42|Black|500|375|42-46 CM|1|2011-07-01 00:00:00.000
297|FR-M94B-42|HL Mountain Frame - Black, 42|Black|500|375|42-46 CM|1|2012-07-01 00:00:00.000
298|FR-M94B-42|HL Mountain Frame - Black, 42|Black|500|375|42-46 CM|1|2013-07-01 00:00:00.000
299|FR-M94B-44|HL Mountain Frame - Black, 44|Black|500|375|42-46 CM|1|2011-07-01 00:00:00.000
300|FR-M94B-48|HL Mountain Frame - Black, 48|Black|500|375|48-52 CM|1|2011-07-01 00:00:00.000
301|FR-M94B-46|HL Mountain Frame - Black, 46|Black|500|375|42-46 CM|1|2011-07-01 00:00:00.000
302|FR-M94B-46|HL Mountain Frame - Black, 46|Black|500|375|42-46 CM|1|2012-07-01 00:00:00.000
303|FR-M94B-46|HL Mountain Frame - Black, 46|Black|500|375|42-46 CM|1|2013-07-01 00:00:00.000
304|FR-M94B-38|HL Mountain Frame - Black, 38|Black|500|375|38-40 CM|2|2011-07-01 00:00:00.000
305|FR-M94B-38|HL Mountain Frame - Black, 38|Black|500|375|38-40 CM|2|2012-07-01 00:00:00.000
306|FR-M94B-38|HL Mountain Frame - Black, 38|Black|500|375|38-40 CM|2|2013-07-01 00:00:00.000
307|FR-M94S-38|HL Mountain Frame - Silver, 38|Silver|500|375|38-40 CM|2|2011-07-01 00:00:00.000
308|FR-M94S-38|HL Mountain Frame - Silver, 38|Silver|500|375|38-40 CM|2|2012-07-01 00:00:00.000
309|FR-M94S-38|HL Mountain Frame - Silver, 38|Silver|500|375|38-40 CM|2|2013-07-01 00:00:00.000
310|BK-R93R-62|Road-150 Red, 62|Red|100|75|60-62 CM|4|2011-07-01 00:00:00.000
311|BK-R93R-44|Road-150 Red, 44|Red|100|75|42-46 CM|4|2011-07-01 00:00:00.000
312|BK-R93R-48|Road-150 Red, 48|Red|100|75|48-52 CM|4|2011-07-01 00:00:00.000
313|BK-R93R-52|Road-150 Red, 52|Red|100|75|48-52 CM|4|2011-07-01 00:00:00.000
314|BK-R93R-56|Road-150 Red, 56|Red|100|75|54-58 CM|4|2011-07-01 00:00:00.000
315|BK-R68R-58|Road-450 Red, 58|Red|100|75|54-58 CM|4|2011-07-01 00:00:00.000
316|BK-R68R-60|Road-450 Red, 60|Red|100|75|60-62 CM|4|2011-07-01 00:00:00.000
317|BK-R68R-44|Road-450 Red, 44|Red|100|75|42-46 CM|4|2011-07-01 00:00:00.000
318|BK-R68R-48|Road-450 Red, 48|Red|100|75|48-52 CM|4|2011-07-01 00:00:00.000
319|BK-R68R-52|Road-450 Red, 52|Red|100|75|48-52 CM|4|2011-07-01 00:00:00.000
320|BK-R50R-58|Road-650 Red, 58|Red|100|75|54-58 CM|4|2011-07-01 00:00:00.000
321|BK-R50R-58|Road-650 Red, 58|Red|100|75|54-58 CM|4|2012-07-01 00:00:00.000
322|BK-R50R-60|Road-650 Red, 60|Red|100|75|60-62 CM|4|2011-07-01 00:00:00.000
323|BK-R50R-60|Road-650 Red, 60|Red|100|75|60-62 CM|4|2012-07-01 00:00:00.000
324|BK-R50R-62|Road-650 Red, 62|Red|100|75|60-62 CM|4|2011-07-01 00:00:00.000
325|BK-R50R-62|Road-650 Red, 62|Red|100|75|60-62 CM|4|2012-07-01 00:00:00.000
326|BK-R50R-44|Road-650 Red, 44|Red|100|75|42-46 CM|4|2011-07-01 00:00:00.000
327|BK-R50R-44|Road-650 Red, 44|Red|100|75|42-46 CM|4|2012-07-01 00:00:00.000
328|BK-R50R-48|Road-650 Red, 48|Red|100|75|48-52 CM|4|2011-07-01 00:00:00.000
329|BK-R50R-48|Road-650 Red, 48|Red|100|75|48-52 CM|4|2012-07-01 00:00:00.000
330|BK-R50R-52|Road-650 Red, 52|Red|100|75|48-52 CM|4|2011-07-01 00:00:00.000
331|BK-R50R-52|Road-650 Red, 52|Red|100|75|48-52 CM|4|2012-07-01 00:00:00.000
332|BK-R50B-58|Road-650 Black, 58|Black|100|75|54-58 CM|4|2011-07-01 00:00:00.000
333|BK-R50B-58|Road-650 Black, 58|Black|100|75|54-58 CM|4|2012-07-01 00:00:00.000
334|BK-R50B-60|Road-650 Black, 60|Black|100|75|60-62 CM|4|2011-07-01 00:00:00.000
335|BK-R50B-60|Road-650 Black, 60|Black|100|75|60-62 CM|4|2012-07-01 00:00:00.000
336|BK-R50B-62|Road-650 Black, 62|Black|100|75|60-62 CM|4|2011-07-01 00:00:00.000
337|BK-R50B-62|Road-650 Black, 62|Black|100|75|60-62 CM|4|2012-07-01 00:00:00.000
338|BK-R50B-44|Road-650 Black, 44|Black|100|75|42-46 CM|4|2011-07-01 00:00:00.000
339|BK-R50B-44|Road-650 Black, 44|Black|100|75|42-46 CM|4|2012-07-01 00:00:00.000
340|BK-R50B-48|Road-650 Black, 48|Black|100|75|48-52 CM|4|2011-07-01 00:00:00.000
341|BK-R50B-48|Road-650 Black, 48|Black|100|75|48-52 CM|4|2012-07-01 00:00:00.000
342|BK-R50B-52|Road-650 Black, 52|Black|100|75|48-52 CM|4|2011-07-01 00:00:00.000
343|BK-R50B-52|Road-650 Black, 52|Black|100|75|48-52 CM|4|2012-07-01 00:00:00.000
344|BK-M82S-38|Mountain-100 Silver, 38|Silver|100|75|38-40 CM|4|2011-07-01 00:00:00.000
345|BK-M82S-42|Mountain-100 Silver, 42|Silver|100|75|42-46 CM|4|2011-07-01 00:00:00.000
346|BK-M82S-44|Mountain-100 Silver, 44|Silver|100|75|42-46 CM|4|2011-07-01 00:00:00.000
347|BK-M82S-48|Mountain-100 Silver, 48|Silver|100|75|48-52 CM|4|2011-07-01 00:00:00.000
348|BK-M82B-38|Mountain-100 Black, 38|Black|100|75|38-40 CM|4|2011-07-01 00:00:00.000
349|BK-M82B-42|Mountain-100 Black, 42|Black|100|75|42-46 CM|4|2011-07-01 00:00:00.000
350|BK-M82B-44|Mountain-100 Black, 44|Black|100|75|42-46 CM|4|2011-07-01 00:00:00.000
351|BK-M82B-48|Mountain-100 Black, 48|Black|100|75|48-52 CM|4|2011-07-01 00:00:00.000
352|BK-M68S-38|Mountain-200 Silver, 38|Silver|100|75|38-40 CM|4|2012-07-01 00:00:00.000
353|BK-M68S-38|Mountain-200 Silver, 38|Silver|100|75|38-40 CM|4|2013-07-01 00:00:00.000
354|BK-M68S-42|Mountain-200 Silver, 42|Silver|100|75|42-46 CM|4|2012-07-01 00:00:00.000
355|BK-M68S-42|Mountain-200 Silver, 42|Silver|100|75|42-46 CM|4|2013-07-01 00:00:00.000
356|BK-M68S-46|Mountain-200 Silver, 46|Silver|100|75|42-46 CM|4|2012-07-01 00:00:00.000
357|BK-M68S-46|Mountain-200 Silver, 46|Silver|100|75|42-46 CM|4|2013-07-01 00:00:00.000
358|BK-M68B-38|Mountain-200 Black, 38|Black|100|75|38-40 CM|4|2012-07-01 00:00:00.000
359|BK-M68B-38|Mountain-200 Black, 38|Black|100|75|38-40 CM|4|2013-07-01 00:00:00.000
360|BK-M68B-42|Mountain-200 Black, 42|Black|100|75|42-46 CM|4|2012-07-01 00:00:00.000
361|BK-M68B-42|Mountain-200 Black, 42|Black|100|75|42-46 CM|4|2013-07-01 00:00:00.000
362|BK-M68B-46|Mountain-200 Black, 46|Black|100|75|42-46 CM|4|2012-07-01 00:00:00.000
363|BK-M68B-46|Mountain-200 Black, 46|Black|100|75|42-46 CM|4|2013-07-01 00:00:00.000
364|BK-M47B-38|Mountain-300 Black, 38|Black|100|75|38-40 CM|4|2012-07-01 00:00:00.000
365|BK-M47B-40|Mountain-300 Black, 40|Black|100|75|38-40 CM|4|2012-07-01 00:00:00.000
366|BK-M47B-44|Mountain-300 Black, 44|Black|100|75|42-46 CM|4|2012-07-01 00:00:00.000
367|BK-M47B-48|Mountain-300 Black, 48|Black|100|75|48-52 CM|4|2012-07-01 00:00:00.000
368|BK-R89R-44|Road-250 Red, 44|Red|100|75|42-46 CM|4|2012-07-01 00:00:00.000
369|BK-R89R-48|Road-250 Red, 48|Red|100|75|48-52 CM|4|2012-07-01 00:00:00.000
370|BK-R89R-52|Road-250 Red, 52|Red|100|75|48-52 CM|4|2012-07-01 00:00:00.000
371|BK-R89R-58|Road-250 Red, 58|Red|100|75|54-58 CM|4|2012-07-01 00:00:00.000
372|BK-R89R-58|Road-250 Red, 58|Red|100|75|54-58 CM|4|2013-07-01 00:00:00.000
373|BK-R89B-44|Road-250 Black, 44|Black|100|75|42-46 CM|4|2012-07-01 00:00:00.000
374|BK-R89B-44|Road-250 Black, 44|Black|100|75|42-46 CM|4|2013-07-01 00:00:00.000
375|BK-R89B-48|Road-250 Black, 48|Black|100|75|48-52 CM|4|2012-07-01 00:00:00.000
376|BK-R89B-48|Road-250 Black, 48|Black|100|75|48-52 CM|4|2013-07-01 00:00:00.000
377|BK-R89B-52|Road-250 Black, 52|Black|100|75|48-52 CM|4|2012-07-01 00:00:00.000
378|BK-R89B-52|Road-250 Black, 52|Black|100|75|48-52 CM|4|2013-07-01 00:00:00.000
379|BK-R89B-58|Road-250 Black, 58|Black|100|75|54-58 CM|4|2012-07-01 00:00:00.000
380|BK-R89B-58|Road-250 Black, 58|Black|100|75|54-58 CM|4|2013-07-01 00:00:00.000
381|BK-R64Y-38|Road-550-W Yellow, 38|Yellow|100|75|38-40 CM|4|2012-07-01 00:00:00.000
382|BK-R64Y-38|Road-550-W Yellow, 38|Yellow|100|75|38-40 CM|4|2013-07-01 00:00:00.000
383|BK-R64Y-40|Road-550-W Yellow, 40|Yellow|100|75|38-40 CM|4|2012-07-01 00:00:00.000
384|BK-R64Y-40|Road-550-W Yellow, 40|Yellow|100|75|38-40 CM|4|2013-07-01 00:00:00.000
385|BK-R64Y-42|Road-550-W Yellow, 42|Yellow|100|75|42-46 CM|4|2012-07-01 00:00:00.000
386|BK-R64Y-42|Road-550-W Yellow, 42|Yellow|100|75|42-46 CM|4|2013-07-01 00:00:00.000
387|BK-R64Y-44|Road-550-W Yellow, 44|Yellow|100|75|42-46 CM|4|2012-07-01 00:00:00.000
388|BK-R64Y-44|Road-550-W Yellow, 44|Yellow|100|75|42-46 CM|4|2013-07-01 00:00:00.000
389|BK-R64Y-48|Road-550-W Yellow, 48|Yellow|100|75|48-52 CM|4|2012-07-01 00:00:00.000
390|BK-R64Y-48|Road-550-W Yellow, 48|Yellow|100|75|48-52 CM|4|2013-07-01 00:00:00.000
391|FK-1639|LL Fork|NA|500|375|NA|1|2012-07-01 00:00:00.000
392|FK-5136|ML Fork|NA|500|375|NA|1|2012-07-01 00:00:00.000
393|FK-9939|HL Fork|NA|500|375|NA|1|2012-07-01 00:00:00.000
394|HS-0296|LL Headset|NA|500|375|NA|1|2012-07-01 00:00:00.000
395|HS-2451|ML Headset|NA|500|375|NA|1|2012-07-01 00:00:00.000
396|HS-3479|HL Headset|NA|500|375|NA|1|2012-07-01 00:00:00.000
397|HB-M243|LL Mountain Handlebars|NA|500|375|NA|1|2012-07-01 00:00:00.000
398|HB-M243|LL Mountain Handlebars|NA|500|375|NA|1|2013-07-01 00:00:00.000
399|HB-M763|ML Mountain Handlebars|NA|500|375|NA|1|2012-07-01 00:00:00.000
400|HB-M763|ML Mountain Handlebars|NA|500|375|NA|1|2013-07-01 00:00:00.000
401|HB-M918|HL Mountain Handlebars|NA|500|375|NA|1|2012-07-01 00:00:00.000
402|HB-M918|HL Mountain Handlebars|NA|500|375|NA|1|2013-07-01 00:00:00.000
403|HB-R504|LL Road Handlebars|NA|500|375|NA|1|2012-07-01 00:00:00.000
404|HB-R504|LL Road Handlebars|NA|500|375|NA|1|2013-07-01 00:00:00.000
405|HB-R720|ML Road Handlebars|NA|500|375|NA|1|2012-07-01 00:00:00.000
406|HB-R720|ML Road Handlebars|NA|500|375|NA|1|2013-07-01 00:00:00.000
407|HB-R956|HL Road Handlebars|NA|500|375|NA|1|2012-07-01 00:00:00.000
408|HB-R956|HL Road Handlebars|NA|500|375|NA|1|2013-07-01 00:00:00.000
409|FR-M63B-38|ML Mountain Frame - Black, 38|Black|500|375|38-40 CM|2|2012-07-01 00:00:00.000
410|FW-M423|LL Mountain Front Wheel|Black|500|375|NA|1|2012-07-01 00:00:00.000
411|FW-M762|ML Mountain Front Wheel|Black|500|375|NA|1|2012-07-01 00:00:00.000
412|FW-M928|HL Mountain Front Wheel|Black|500|375|NA|1|2012-07-01 00:00:00.000
413|FW-R623|LL Road Front Wheel|Black|500|375|NA|1|2012-07-01 00:00:00.000
414|FW-R762|ML Road Front Wheel|Black|500|375|NA|1|2012-07-01 00:00:00.000
415|FW-R820|HL Road Front Wheel|Black|500|375|NA|1|2012-07-01 00:00:00.000
416|FW-T905|Touring Front Wheel|Black|500|375|NA|1|2012-07-01 00:00:00.000
417|FR-R72Y-38|ML Road Frame-W - Yellow, 38|Yellow|500|375|38-40 CM|2|2012-07-01 00:00:00.000
418|FR-R72Y-38|ML Road Frame-W - Yellow, 38|Yellow|500|375|38-40 CM|2|2013-07-01 00:00:00.000
419|RW-M423|LL Mountain Rear Wheel|Black|500|375|NA|1|2012-07-01 00:00:00.000
420|RW-M762|ML Mountain Rear Wheel|Black|500|375|NA|1|2012-07-01 00:00:00.000
421|RW-M928|HL Mountain Rear Wheel|Black|500|375|NA|1|2012-07-01 00:00:00.000
422|RW-R623|LL Road Rear Wheel|Black|500|375|NA|1|2012-07-01 00:00:00.000
423|RW-R762|ML Road Rear Wheel|Black|500|375|NA|1|2012-07-01 00:00:00.000
424|RW-R820|HL Road Rear Wheel|Black|500|375|NA|1|2012-07-01 00:00:00.000
425|RW-T905|Touring Rear Wheel|Black|500|375|NA|1|2012-07-01 00:00:00.000
426|FR-M63B-40|ML Mountain Frame - Black, 40|Black|500|375|38-40 CM|1|2012-07-01 00:00:00.000
427|FR-M63B-44|ML Mountain Frame - Black, 44|Black|500|375|42-46 CM|1|2012-07-01 00:00:00.000
428|FR-M63B-48|ML Mountain Frame - Black, 48|Black|500|375|48-52 CM|1|2012-07-01 00:00:00.000
429|FR-R72Y-40|ML Road Frame-W - Yellow, 40|Yellow|500|375|38-40 CM|1|2012-07-01 00:00:00.000
430|FR-R72Y-40|ML Road Frame-W - Yellow, 40|Yellow|500|375|38-40 CM|1|2013-07-01 00:00:00.000
431|FR-R72Y-42|ML Road Frame-W - Yellow, 42|Yellow|500|375|42-46 CM|1|2012-07-01 00:00:00.000
432|FR-R72Y-42|ML Road Frame-W - Yellow, 42|Yellow|500|375|42-46 CM|1|2013-07-01 00:00:00.000
433|FR-R72Y-44|ML Road Frame-W - Yellow, 44|Yellow|500|375|42-46 CM|1|2012-07-01 00:00:00.000
434|FR-R72Y-44|ML Road Frame-W - Yellow, 44|Yellow|500|375|42-46 CM|1|2013-07-01 00:00:00.000
435|FR-R72Y-48|ML Road Frame-W - Yellow, 48|Yellow|500|375|48-52 CM|1|2012-07-01 00:00:00.000
436|FR-R72Y-48|ML Road Frame-W - Yellow, 48|Yellow|500|375|48-52 CM|1|2013-07-01 00:00:00.000
437|FR-R92B-62|HL Road Frame - Black, 62|Black|500|375|60-62 CM|1|2012-07-01 00:00:00.000
438|FR-R92B-62|HL Road Frame - Black, 62|Black|500|375|60-62 CM|1|2013-07-01 00:00:00.000
439|FR-R92B-44|HL Road Frame - Black, 44|Black|500|375|42-46 CM|1|2012-07-01 00:00:00.000
440|FR-R92B-44|HL Road Frame - Black, 44|Black|500|375|42-46 CM|1|2013-07-01 00:00:00.000
441|FR-R92B-48|HL Road Frame - Black, 48|Black|500|375|48-52 CM|1|2012-07-01 00:00:00.000
442|FR-R92B-48|HL Road Frame - Black, 48|Black|500|375|48-52 CM|1|2013-07-01 00:00:00.000
443|FR-R92B-52|HL Road Frame - Black, 52|Black|500|375|48-52 CM|1|2012-07-01 00:00:00.000
444|FR-R92B-52|HL Road Frame - Black, 52|Black|500|375|48-52 CM|1|2013-07-01 00:00:00.000
445|SH-M897-S|Men's Sports Shorts, S|Black|4|3|S|0|2012-07-01 00:00:00.000
446|PA-T100|Touring-Panniers, Large|Grey|4|3|NA|0|2012-07-01 00:00:00.000
447|LO-C100|Cable Lock|NA|4|3|NA|0|2012-07-01 00:00:00.000
448|PU-0452|Minipump|NA|4|3|NA|0|2012-07-01 00:00:00.000
449|PU-M044|Mountain Pump|NA|4|3|NA|0|2012-07-01 00:00:00.000
450|LT-T990|Taillights - Battery-Powered|NA|4|3|NA|0|2012-07-01 00:00:00.000
451|LT-H902|Headlights - Dual-Beam|NA|4|3|NA|0|2012-07-01 00:00:00.000
452|LT-H903|Headlights - Weatherproof|NA|4|3|NA|0|2012-07-01 00:00:00.000
453|SH-M897-M|Men's Sports Shorts, M|Black|4|3|M|0|2012-07-01 00:00:00.000
454|SH-M897-L|Men's Sports Shorts, L|Black|4|3|L|0|2012-07-01 00:00:00.000
455|SH-M897-X|Men's Sports Shorts, XL|Black|4|3|XL|0|2012-07-01 00:00:00.000
456|TG-W091-S|Women's Tights, S|Black|4|3|S|0|2012-07-01 00:00:00.000
457|TG-W091-M|Women's Tights, M|Black|4|3|M|0|2012-07-01 00:00:00.000
458|TG-W091-L|Women's Tights, L|Black|4|3|L|0|2012-07-01 00:00:00.000
459|SB-M891-S|Men's Bib-Shorts, S|Multi|4|3|S|0|2012-07-01 00:00:00.000
460|SB-M891-M|Men's Bib-Shorts, M|Multi|4|3|M|0|2012-07-01 00:00:00.000
461|SB-M891-L|Men's Bib-Shorts, L|Multi|4|3|L|0|2012-07-01 00:00:00.000
462|GL-H102-S|Half-Finger Gloves, S|Black|4|3|S|0|2012-07-01 00:00:00.000
463|GL-H102-S|Half-Finger Gloves, S|Black|4|3|S|0|2013-07-01 00:00:00.000
464|GL-H102-M|Half-Finger Gloves, M|Black|4|3|M|0|2012-07-01 00:00:00.000
465|GL-H102-M|Half-Finger Gloves, M|Black|4|3|M|0|2013-07-01 00:00:00.000
466|GL-H102-L|Half-Finger Gloves, L|Black|4|3|L|0|2012-07-01 00:00:00.000
467|GL-H102-L|Half-Finger Gloves, L|Black|4|3|L|0|2013-07-01 00:00:00.000
468|GL-F110-S|Full-Finger Gloves, S|Black|4|3|S|0|2012-07-01 00:00:00.000
469|GL-F110-M|Full-Finger Gloves, M|Black|4|3|M|0|2012-07-01 00:00:00.000
470|GL-F110-L|Full-Finger Gloves, L|Black|4|3|L|0|2012-07-01 00:00:00.000
471|VE-C304-S|Classic Vest, S|Blue|4|3|S|0|2013-07-01 00:00:00.000
472|VE-C304-M|Classic Vest, M|Blue|4|3|M|0|2013-07-01 00:00:00.000
473|VE-C304-L|Classic Vest, L|Blue|4|3|L|0|2013-07-01 00:00:00.000
474|SH-W890-S|Women's Mountain Shorts, S|Black|4|3|S|0|2013-07-01 00:00:00.000
475|SH-W890-M|Women's Mountain Shorts, M|Black|4|3|M|0|2013-07-01 00:00:00.000
476|SH-W890-L|Women's Mountain Shorts, L|Black|4|3|L|0|2013-07-01 00:00:00.000
477|WB-H098|Water Bottle - 30 oz.|NA|4|3|NA|0|2013-07-01 00:00:00.000
478|BC-M005|Mountain Bottle Cage|NA|4|3|NA|0|2013-07-01 00:00:00.000
479|BC-R205|Road Bottle Cage|NA|4|3|NA|0|2013-07-01 00:00:00.000
480|PK-7098|Patch Kit/8 Patches|NA|4|3|NA|0|2013-07-01 00:00:00.000
481|SO-R809-M|Racing Socks, M|White|4|3|M|0|2013-07-01 00:00:00.000
482|SO-R809-L|Racing Socks, L|White|4|3|L|0|2013-07-01 00:00:00.000
483|RA-H123|Hitch Rack - 4-Bike|NA|4|3|NA|0|2013-07-01 00:00:00.000
484|CL-9009|Bike Wash - Dissolver|NA|4|3|NA|0|2013-07-01 00:00:00.000
485|FE-6654|Fender Set - Mountain|NA|4|3|NA|0|2013-07-01 00:00:00.000
486|ST-1401|All-Purpose Bike Stand|NA|4|3|NA|0|2013-07-01 00:00:00.000
487|HY-1023-70|Hydration Pack - 70 oz.|Silver|4|3|70|0|2013-07-01 00:00:00.000
488|SJ-0194-S|Short-Sleeve Classic Jersey, S|Yellow|4|3|S|0|2013-07-01 00:00:00.000
489|SJ-0194-M|Short-Sleeve Classic Jersey, M|Yellow|4|3|M|0|2013-07-01 00:00:00.000
490|SJ-0194-L|Short-Sleeve Classic Jersey, L|Yellow|4|3|L|0|2013-07-01 00:00:00.000
491|SJ-0194-X|Short-Sleeve Classic Jersey, XL|Yellow|4|3|XL|0|2013-07-01 00:00:00.000
492|FR-T98Y-60|HL Touring Frame - Yellow, 60|Yellow|500|375|60-62 CM|1|2013-07-01 00:00:00.000
493|FR-T67Y-62|LL Touring Frame - Yellow, 62|Yellow|500|375|60-62 CM|1|2013-07-01 00:00:00.000
494|FR-T98Y-46|HL Touring Frame - Yellow, 46|Yellow|500|375|42-46 CM|1|2013-07-01 00:00:00.000
495|FR-T98Y-50|HL Touring Frame - Yellow, 50|Yellow|500|375|48-52 CM|1|2013-07-01 00:00:00.000
496|FR-T98Y-54|HL Touring Frame - Yellow, 54|Yellow|500|375|54-58 CM|1|2013-07-01 00:00:00.000
497|FR-T98U-46|HL Touring Frame - Blue, 46|Blue|500|375|42-46 CM|1|2013-07-01 00:00:00.000
498|FR-T98U-50|HL Touring Frame - Blue, 50|Blue|500|375|48-52 CM|1|2013-07-01 00:00:00.000
499|FR-T98U-54|HL Touring Frame - Blue, 54|Blue|500|375|54-58 CM|1|2013-07-01 00:00:00.000
500|FR-T98U-60|HL Touring Frame - Blue, 60|Blue|500|375|60-62 CM|1|2013-07-01 00:00:00.000
501|RD-2308|Rear Derailleur|Silver|500|375|NA|1|2013-07-01 00:00:00.000
502|FR-T67U-50|LL Touring Frame - Blue, 50|Blue|500|375|48-52 CM|1|2013-07-01 00:00:00.000
503|FR-T67U-54|LL Touring Frame - Blue, 54|Blue|500|375|54-58 CM|1|2013-07-01 00:00:00.000
504|FR-T67U-58|LL Touring Frame - Blue, 58|Blue|500|375|54-58 CM|1|2013-07-01 00:00:00.000
505|FR-T67U-62|LL Touring Frame - Blue, 62|Blue|500|375|60-62 CM|1|2013-07-01 00:00:00.000
506|FR-T67Y-44|LL Touring Frame - Yellow, 44|Yellow|500|375|42-46 CM|1|2013-07-01 00:00:00.000
507|FR-T67Y-50|LL Touring Frame - Yellow, 50|Yellow|500|375|48-52 CM|1|2013-07-01 00:00:00.000
508|FR-T67Y-54|LL Touring Frame - Yellow, 54|Yellow|500|375|54-58 CM|1|2013-07-01 00:00:00.000
509|FR-T67Y-58|LL Touring Frame - Yellow, 58|Yellow|500|375|54-58 CM|1|2013-07-01 00:00:00.000
510|FR-T67U-44|LL Touring Frame - Blue, 44|Blue|500|375|42-46 CM|1|2013-07-01 00:00:00.000
511|FR-M63S-40|ML Mountain Frame-W - Silver, 40|Silver|500|375|38-40 CM|1|2013-07-01 00:00:00.000
512|FR-M63S-42|ML Mountain Frame-W - Silver, 42|Silver|500|375|42-46 CM|1|2013-07-01 00:00:00.000
513|FR-M63S-46|ML Mountain Frame-W - Silver, 46|Silver|500|375|42-46 CM|1|2013-07-01 00:00:00.000
514|RB-9231|Rear Brakes|Silver|500|375|NA|1|2013-07-01 00:00:00.000
515|SE-M236|LL Mountain Seat/Saddle|NA|500|375|NA|1|2013-07-01 00:00:00.000
516|SE-M798|ML Mountain Seat/Saddle|NA|500|375|NA|1|2013-07-01 00:00:00.000
517|SE-M940|HL Mountain Seat/Saddle|NA|500|375|NA|1|2013-07-01 00:00:00.000
518|SE-R581|LL Road Seat/Saddle|NA|500|375|NA|1|2013-07-01 00:00:00.000
519|SE-R908|ML Road Seat/Saddle|NA|500|375|NA|1|2013-07-01 00:00:00.000
520|SE-R995|HL Road Seat/Saddle|NA|500|375|NA|1|2013-07-01 00:00:00.000
521|SE-T312|LL Touring Seat/Saddle|NA|500|375|NA|1|2013-07-01 00:00:00.000
522|SE-T762|ML Touring Seat/Saddle|NA|500|375|NA|1|2013-07-01 00:00:00.000
523|SE-T924|HL Touring Seat/Saddle|NA|500|375|NA|1|2013-07-01 00:00:00.000
524|FR-M21S-42|LL Mountain Frame - Silver, 42|Silver|500|375|42-46 CM|1|2013-07-01 00:00:00.000
525|FR-M21S-44|LL Mountain Frame - Silver, 44|Silver|500|375|42-46 CM|1|2013-07-01 00:00:00.000
526|FR-M21S-48|LL Mountain Frame - Silver, 48|Silver|500|375|48-52 CM|1|2013-07-01 00:00:00.000
527|FR-M21S-52|LL Mountain Frame - Silver, 52|Silver|500|375|48-52 CM|1|2013-07-01 00:00:00.000
528|TT-M928|Mountain Tire Tube|NA|500|375|NA|0|2013-07-01 00:00:00.000
529|TT-R982|Road Tire Tube|NA|500|375|NA|0|2013-07-01 00:00:00.000
530|TT-T092|Touring Tire Tube|NA|500|375|NA|0|2013-07-01 00:00:00.000
531|FR-M21B-42|LL Mountain Frame - Black, 42|Black|500|375|42-46 CM|1|2013-07-01 00:00:00.000
532|FR-M21B-44|LL Mountain Frame - Black, 44|Black|500|375|42-46 CM|1|2013-07-01 00:00:00.000
533|FR-M21B-48|LL Mountain Frame - Black, 48|Black|500|375|48-52 CM|1|2013-07-01 00:00:00.000
534|FR-M21B-52|LL Mountain Frame - Black, 52|Black|500|375|48-52 CM|1|2013-07-01 00:00:00.000
535|TI-M267|LL Mountain Tire|NA|500|375|NA|0|2013-07-01 00:00:00.000
536|TI-M602|ML Mountain Tire|NA|500|375|NA|0|2013-07-01 00:00:00.000
537|TI-M823|HL Mountain Tire|NA|500|375|NA|0|2013-07-01 00:00:00.000
538|TI-R092|LL Road Tire|NA|500|375|NA|0|2013-07-01 00:00:00.000
539|TI-R628|ML Road Tire|NA|500|375|NA|0|2013-07-01 00:00:00.000
540|TI-R982|HL Road Tire|NA|500|375|NA|0|2013-07-01 00:00:00.000
541|TI-T723|Touring Tire|NA|500|375|NA|0|2013-07-01 00:00:00.000
542|PD-M282|LL Mountain Pedal|Silver/Black|500|375|NA|1|2013-07-01 00:00:00.000
543|PD-M340|ML Mountain Pedal|Silver/Black|500|375|NA|1|2013-07-01 00:00:00.000
544|PD-M562|HL Mountain Pedal|Silver/Black|500|375|NA|1|2013-07-01 00:00:00.000
545|PD-R347|LL Road Pedal|Silver/Black|500|375|NA|1|2013-07-01 00:00:00.000
546|PD-R563|ML Road Pedal|Silver/Black|500|375|NA|1|2013-07-01 00:00:00.000
547|PD-R853|HL Road Pedal|Silver/Black|500|375|NA|1|2013-07-01 00:00:00.000
548|PD-T852|Touring Pedal|Silver/Black|500|375|NA|1|2013-07-01 00:00:00.000
549|FR-M63S-38|ML Mountain Frame-W - Silver, 38|Silver|500|375|38-40 CM|2|2013-07-01 00:00:00.000
550|FR-M21B-40|LL Mountain Frame - Black, 40|Black|500|375|38-40 CM|2|2013-07-01 00:00:00.000
551|FR-M21S-40|LL Mountain Frame - Silver, 40|Silver|500|375|38-40 CM|2|2013-07-01 00:00:00.000
552|FD-2342|Front Derailleur|Silver|500|375|NA|1|2013-07-01 00:00:00.000
553|HB-T721|LL Touring Handlebars|NA|500|375|NA|1|2013-07-01 00:00:00.000
554|HB-T928|HL Touring Handlebars|NA|500|375|NA|1|2013-07-01 00:00:00.000
555|FB-9873|Front Brakes|Silver|500|375|NA|1|2013-07-01 00:00:00.000
556|CS-4759|LL Crankset|Black|500|375|NA|1|2013-07-01 00:00:00.000
557|CS-6583|ML Crankset|Black|500|375|NA|1|2013-07-01 00:00:00.000
558|CS-9183|HL Crankset|Black|500|375|NA|1|2013-07-01 00:00:00.000
559|CH-0234|Chain|Silver|500|375|NA|1|2013-07-01 00:00:00.000
560|BK-T44U-60|Touring-2000 Blue, 60|Blue|100|75|60-62 CM|4|2013-07-01 00:00:00.000
561|BK-T79Y-46|Touring-1000 Yellow, 46|Yellow|100|75|42-46 CM|4|2013-07-01 00:00:00.000
562|BK-T79Y-50|Touring-1000 Yellow, 50|Yellow|100|75|48-52 CM|4|2013-07-01 00:00:00.000
563|BK-T79Y-54|Touring-1000 Yellow, 54|Yellow|100|75|54-58 CM|4|2013-07-01 00:00:00.000
564|BK-T79Y-60|Touring-1000 Yellow, 60|Yellow|100|75|60-62 CM|4|2013-07-01 00:00:00.000
565|BK-T18U-54|Touring-3000 Blue, 54|Blue|100|75|54-58 CM|4|2013-07-01 00:00:00.000
566|BK-T18U-58|Touring-3000 Blue, 58|Blue|100|75|54-58 CM|4|2013-07-01 00:00:00.000
567|BK-T18U-62|Touring-3000 Blue, 62|Blue|100|75|60-62 CM|4|2013-07-01 00:00:00.000
568|BK-T18Y-44|Touring-3000 Yellow, 44|Yellow|100|75|42-46 CM|4|2013-07-01 00:00:00.000
569|BK-T18Y-50|Touring-3000 Yellow, 50|Yellow|100|75|48-52 CM|4|2013-07-01 00:00:00.000
570|BK-T18Y-54|Touring-3000 Yellow, 54|Yellow|100|75|54-58 CM|4|2013-07-01 00:00:00.000
571|BK-T18Y-58|Touring-3000 Yellow, 58|Yellow|100|75|54-58 CM|4|2013-07-01 00:00:00.000
572|BK-T18Y-62|Touring-3000 Yellow, 62|Yellow|100|75|60-62 CM|4|2013-07-01 00:00:00.000
573|BK-T79U-46|Touring-1000 Blue, 46|Blue|100|75|42-46 CM|4|2013-07-01 00:00:00.000
574|BK-T79U-50|Touring-1000 Blue, 50|Blue|100|75|48-52 CM|4|2013-07-01 00:00:00.000
575|BK-T79U-54|Touring-1000 Blue, 54|Blue|100|75|54-58 CM|4|2013-07-01 00:00:00.000
576|BK-T79U-60|Touring-1000 Blue, 60|Blue|100|75|60-62 CM|4|2013-07-01 00:00:00.000
577|BK-T44U-46|Touring-2000 Blue, 46|Blue|100|75|42-46 CM|4|2013-07-01 00:00:00.000
578|BK-T44U-50|Touring-2000 Blue, 50|Blue|100|75|48-52 CM|4|2013-07-01 00:00:00.000
579|BK-T44U-54|Touring-2000 Blue, 54|Blue|100|75|54-58 CM|4|2013-07-01 00:00:00.000
580|BK-R79Y-40|Road-350-W Yellow, 40|Yellow|100|75|38-40 CM|4|2013-07-01 00:00:00.000
581|BK-R79Y-42|Road-350-W Yellow, 42|Yellow|100|75|42-46 CM|4|2013-07-01 00:00:00.000
582|BK-R79Y-44|Road-350-W Yellow, 44|Yellow|100|75|42-46 CM|4|2013-07-01 00:00:00.000
583|BK-R79Y-48|Road-350-W Yellow, 48|Yellow|100|75|48-52 CM|4|2013-07-01 00:00:00.000
584|BK-R19B-58|Road-750 Black, 58|Black|100|75|54-58 CM|4|2013-07-01 00:00:00.000
585|BK-T18U-44|Touring-3000 Blue, 44|Blue|100|75|42-46 CM|4|2013-07-01 00:00:00.000
586|BK-T18U-50|Touring-3000 Blue, 50|Blue|100|75|48-52 CM|4|2013-07-01 00:00:00.000
587|BK-M38S-38|Mountain-400-W Silver, 38|Silver|100|75|38-40 CM|4|2013-07-01 00:00:00.000
588|BK-M38S-40|Mountain-400-W Silver, 40|Silver|100|75|38-40 CM|4|2013-07-01 00:00:00.000
589|BK-M38S-42|Mountain-400-W Silver, 42|Silver|100|75|42-46 CM|4|2013-07-01 00:00:00.000
590|BK-M38S-46|Mountain-400-W Silver, 46|Silver|100|75|42-46 CM|4|2013-07-01 00:00:00.000
591|BK-M18S-40|Mountain-500 Silver, 40|Silver|100|75|38-40 CM|4|2013-07-01 00:00:00.000
592|BK-M18S-42|Mountain-500 Silver, 42|Silver|100|75|42-46 CM|4|2013-07-01 00:00:00.000
593|BK-M18S-44|Mountain-500 Silver, 44|Silver|100|75|42-46 CM|4|2013-07-01 00:00:00.000
594|BK-M18S-48|Mountain-500 Silver, 48|Silver|100|75|48-52 CM|4|2013-07-01 00:00:00.000
595|BK-M18S-52|Mountain-500 Silver, 52|Silver|100|75|48-52 CM|4|2013-07-01 00:00:00.000
596|BK-M18B-40|Mountain-500 Black, 40|Black|100|75|38-40 CM|4|2013-07-01 00:00:00.000
597|BK-M18B-42|Mountain-500 Black, 42|Black|100|75|42-46 CM|4|2013-07-01 00:00:00.000
598|BK-M18B-44|Mountain-500 Black, 44|Black|100|75|42-46 CM|4|2013-07-01 00:00:00.000
599|BK-M18B-48|Mountain-500 Black, 48|Black|100|75|48-52 CM|4|2013-07-01 00:00:00.000
600|BK-M18B-52|Mountain-500 Black, 52|Black|100|75|48-52 CM|4|2013-07-01 00:00:00.000
601|BB-7421|LL Bottom Bracket|NA|500|375|NA|1|2013-07-01 00:00:00.000
602|BB-8107|ML Bottom Bracket|NA|500|375|NA|1|2013-07-01 00:00:00.000
603|BB-9108|HL Bottom Bracket|NA|500|375|NA|1|2013-07-01 00:00:00.000
604|BK-R19B-44|Road-750 Black, 44|Black|100|75|42-46 CM|4|2013-07-01 00:00:00.000
605|BK-R19B-48|Road-750 Black, 48|Black|100|75|48-52 CM|4|2013-07-01 00:00:00.000
606|BK-R19B-52|Road-750 Black, 52|Black|100|75|48-52 CM|4|2013-07-01 00:00:00.000
