1|AW00000001|245-555-0173|Value Added Reseller|A Bike Store|2|S|Road|2251 Elliot Avenue|International Bank|1974
2|AW00000002|170-555-0127|Specialty Bike Shop|Progressive Sports|10|A|Mountain|3207 S Grady Way|International Security|1976
3|AW00000003|279-555-0130|Warehouse|Advanced Bike Components|40|Q|Road|12345 Sterling Avenue|Primary International|1978
4|AW00000004|710-555-0173|Value Added Reseller|Modular Cycle Systems|5|S|Road|800 Interchange Blvd.|United Security|1980
5|AW00000005|828-555-0186|Specialty Bike Shop|Metropolitan Sports Supply|13|A|Road|482505 Warm Springs Blvd.|Primary Bank & Reserve|1982
6|AW00000006|244-555-0112|Warehouse|Aerobic Exercise Company|43|Q|Road|39933 Mission Oaks Blvd|Guardian Bank|1984
7|AW00000007|192-555-0173|Value Added Reseller|Associated Bikes|8|S|Mountain|5420 West 22500 South|Reserve Security|1986
8|AW00000008|872-555-0171|Specialty Bike Shop|Exemplary Cycles|16|A|Touring|79945 Corporate Center Drive|International Bank|1988
9|AW00000009|488-555-0130|Warehouse|Tandem Bicycle Store|46|Q|Mountain|3333 Micro Drive|International Security|1990
10|AW00000010|150-555-0127|Value Added Reseller|Rural Cycle Emporium|11|S|Mountain|6388 Lake City Way|Primary International|1992
11|AW00000011|926-555-0159|Specialty Bike Shop|Sharp Bikes|19|A|Mountain|52560 Free Street|United Security|1994
12|AW00000012|112-555-0191|Warehouse|Bikes and Motorbikes|49|Q|Road|22580 Free Street|Primary Bank & Reserve|1996
13|AW00000013|1 (11) 500 555-0127|Value Added Reseller|Country Parts Shop|14|S|Road|7033, rue de Longchamp|Guardian Bank|1998
14|AW00000014|1 (11) 500 555-0167|Specialty Bike Shop|Bicycle Warehouse Inc.|22|A|Mountain|Karl Liebknecht str 299|Reserve Security|2000
15|AW00000015|1 (11) 500 555-0140|Warehouse|Budget Toy Store|52|Q|Mountain|25 Epping Road|International Bank|2002
16|AW00000016|1 (11) 500 555-0132|Value Added Reseller|Bulk Discount Store|17|S|Road|93-2501, Blackfriars Road,|International Security|2004
17|AW00000017|497-555-0147|Specialty Bike Shop|Trusted Catalog Store|25|A|Mountain|9920 Picketts Line Road|Primary International|2005
18|AW00000018|440-555-0132|Warehouse|Catalog Store|55|Q|Mountain|855 East Main Avenue|United Security|2003
19|AW00000019|521-555-0195|Value Added Reseller|Center Cycle Shop|20|S|Road|99300 223rd Southeast|Primary Bank & Reserve|2004
20|AW00000020|582-555-0113|Specialty Bike Shop|Central Discount Store|28|A|Mountain|259826 Russell Rd. South|Guardian Bank|1975
21|AW00000021|928-555-0116|Warehouse|Chic Department Stores|58|Q|Mountain|90025 Sterling St|Reserve Security|2003
22|AW00000022|121-555-0121|Value Added Reseller|Travel Systems|19|S|Road|2505 Gateway Drive|International Bank|1979
23|AW00000023|216-555-0122|Specialty Bike Shop|Bike World|31|A|Mountain|60025 Bollinger Canyon Road|International Security|2002
24|AW00000024|926-555-0164|Warehouse|Eastside Department Store|61|Q|Road|9992 Whipple Rd|Primary International|1983
25|AW00000025|357-555-0161|Value Added Reseller|Coalition Bike Company|18|S|Mountain|Corporate Office|United Security|2001
26|AW00000026|418-555-0115|Specialty Bike Shop|Stylish Department Stores|34|A|Road|1 Corporate Center Drive|Primary Bank & Reserve|1987
27|AW00000027|284-555-0185|Warehouse|Sports Sales and Rental|64|Q|Mountain|100 Fifth Drive|Guardian Bank|2000
28|AW00000028|972-555-0163|Value Added Reseller|Commuter Bicycle Store|17|S|Touring|2575 Bloor Street East|Reserve Security|1991
29|AW00000029|344-555-0144|Specialty Bike Shop|Cross-Country Riding Supplies|37|A|Mountain|Station E|International Bank|1999
30|AW00000030|783-555-0110|Warehouse|Cycle Merchants|67|Q|Road|575 Rue St Amable|International Security|1995
31|AW00000031|1 (11) 500 555-0198|Value Added Reseller|Wheels Inc.|16|S|Road|21105, rue de Varenne|Primary International|1998
32|AW00000032|1 (11) 500 555-0182|Specialty Bike Shop|Precision Gears Inc.|40|A|Road|Roástr 2248|United Security|1999
33|AW00000033|1 (11) 500 555-0189|Warehouse|Global Sports Outlet|70|Q|Mountain|Ctrcrt Bus Pk/995-27 Paul St N|Primary Bank & Reserve|1997
34|AW00000034|1 (11) 500 555-0181|Value Added Reseller|Cycles Wholesaler & Mfg.|15|S|Touring|Science Park South, Birchwood|Guardian Bank|2003
35|AW00000035|623-555-0153|Specialty Bike Shop|Economic Parts Supply|43|A|Road|2532 Fairgrounds Road|Reserve Security|1996
36|AW00000036|415-555-0147|Warehouse|Exotic Bikes|73|Q|Road|6900 William Richardson Ct.|International Bank|2002
37|AW00000037|724-555-0161|Value Added Reseller|Two Bike Shops|14|S|Road|35525-9th Street Sw|International Security|1995
38|AW00000038|867-555-0114|Specialty Bike Shop|Finer Mart|46|A|Touring|640 South 994th St. W.|Primary International|2001
39|AW00000039|377-555-0132|Warehouse|Fitness Hotel|76|Q|Road|74400 France Avenue South|United Security|1994
40|AW00000040|417-555-0182|Value Added Reseller|Journey Sporting Goods|13|S|Mountain|509 Nafta Boulevard|Primary Bank & Reserve|2000
41|AW00000041|244-555-0127|Specialty Bike Shop|Distant Inn|49|A|Road|25001 Montague Expressway|Guardian Bank|1993
42|AW00000042|911-555-0165|Warehouse|Healthy Activity Store|79|Q|Mountain|4460 Newport Center Drive|Reserve Security|1999
43|AW00000043|482-555-0174|Value Added Reseller|Frugal Bike Shop|12|S|Mountain|2575 West 2700 South|International Bank|1992
44|AW00000044|552-555-0141|Specialty Bike Shop|Games and Sport Supply Company|48|A|Touring|2525 Electrics Blvd.|International Security|1998
45|AW00000045|333-555-0113|Warehouse|Every Bike Shop|80|Q|Road|2550 High Street|Primary International|1991
46|AW00000046|653-555-0159|Value Added Reseller|Gear-Shift Bikes Limited|11|S|Road|2512-4th Ave Sw|United Security|1997
47|AW00000047|141-555-0172|Specialty Bike Shop|Greater Bike Store|47|A|Mountain|55 Lakeshore Blvd East|Primary Bank & Reserve|1990
48|AW00000048|164-555-0118|Warehouse|Grand Industries|81|Q|Touring|6333 Cote Vertu|Guardian Bank|1996
49|AW00000049|1 (11) 500 555-0181|Value Added Reseller|Neighborhood Bicycle Storehouse|10|S|Touring|69, boulevard Tremblay|Reserve Security|1989
50|AW00000050|1 (11) 500 555-0112|Specialty Bike Shop|Hometown Riding Supplies|46|A|Mountain|Bundesallee 9571|International Bank|1995
51|AW00000051|1 (11) 500 555-0133|Warehouse|Ideal Components|82|Q|Touring|2-252 Beauchamp Road|International Security|1988
52|AW00000052|1 (11) 500 555-0155|Value Added Reseller|Instruments and Parts Company|9|S|Touring|Phoenix Way, Cirencester|Primary International|1994
53|AW00000053|479-555-0129|Specialty Bike Shop|Incomparable Bicycle Store|45|A|Touring|99 Edgewater Drive|United Security|1987
54|AW00000054|140-555-0128|Warehouse|Larger Cycle Shop|83|Q|Road|Attn: Accounts Payable|Primary Bank & Reserve|1993
55|AW00000055|932-555-0163|Value Added Reseller|Kickstands and Accessories Company|8|S|Touring|25300 Biddle Road|Guardian Bank|1986
56|AW00000056|461-555-0118|Specialty Bike Shop|Latest Accessories Sales|44|A|Road|Gateway|Reserve Security|1992
57|AW00000057|260-555-0130|Warehouse|Leading Sales & Repair|84|Q|Road|25149 Howard Dr|International Bank|1985
58|AW00000058|436-555-0160|Value Added Reseller|Largest Bike Store|7|S|Road|63 W Monroe|International Security|1991
59|AW00000059|385-555-0140|Specialty Bike Shop|Locks Company|43|A|Touring|70259 West Sunnyview Ave|Primary International|1984
60|AW00000060|183-555-0111|Warehouse|Main Bicycle Services|85|Q|Road|60750 San Clemente|United Security|1990
61|AW00000061|452-555-0179|Value Added Reseller|Many Bikes Store|6|S|Mountain|Receiving|Primary Bank & Reserve|1983
62|AW00000062|351-555-0130|Specialty Bike Shop|Manufacturers Inc|42|A|Road|Po Box 08050|Guardian Bank|1989
63|AW00000063|565-555-0181|Warehouse|Metro Bike Mart|86|Q|Mountain|Po Box 2257|Reserve Security|1982
64|AW00000064|290-555-0196|Value Added Reseller|Metal Clearing House|5|S|Touring|3255 Front Street West|International Bank|1988
65|AW00000065|737-555-0163|Specialty Bike Shop|Metro Manufacturing|41|A|Mountain|2550 Signet Drive|International Security|1981
66|AW00000066|394-555-0176|Warehouse|Neighborhood Store|87|Q|Road|6777 Kingsway|Primary International|1987
67|AW00000067|1 (11) 500 555-0127|Value Added Reseller|Self-Contained Cycle Parts Company|4|S|Road|12, rue des Grands Champs|United Security|1980
68|AW00000068|1 (11) 500 555-0184|Specialty Bike Shop|North Bike Company|40|A|Road|Auf Der Steige 29|Primary Bank & Reserve|1986
69|AW00000069|1 (11) 500 555-0113|Warehouse|Online Bike Catalog|88|Q|Touring|65 Epping Rd|Guardian Bank|1979
70|AW00000070|1 (11) 500 555-0122|Value Added Reseller|Outdoor Aerobic Systems Company|3|S|Road|255 Irving Street|Reserve Security|1985
71|AW00000071|513-555-0149|Specialty Bike Shop|Outdoor Distributors|39|A|Mountain|225 Hyde Rd|International Bank|1978
72|AW00000072|820-555-0166|Warehouse|Outdoor Equipment Store|89|Q|Road|6 Cotton Road|International Security|1984
73|AW00000073|107-555-0132|Value Added Reseller|Outdoor Sports Supply|2|S|Mountain|Great Northwestern|Primary International|1977
74|AW00000074|162-555-0166|Specialty Bike Shop|Parcel Express Delivery Service|38|A|Road|Washington Square|United Security|1983
75|AW00000075|358-555-0188|Warehouse|Paint Supply|90|Q|Mountain|Corporate Office|Primary Bank & Reserve|1976
76|AW00000076|265-555-0190|Value Added Reseller|Out-of-the-Way Hotels|4|S|Mountain|25269 N. Wood Dale Rd|Guardian Bank|1982
77|AW00000077|128-555-0148|Specialty Bike Shop|Mechanical Products Ltd.|37|A|Road|22555 Paseo De Las Americas|Reserve Security|1975
78|AW00000078|819-555-0186|Warehouse|Preferred Bikes|91|Q|Road|Incom Sports Center|International Bank|1981
79|AW00000079|996-555-0192|Value Added Reseller|Reasonable Bicycle Sales|6|S|Road|C/O Starpak, Inc.|International Security|1974
80|AW00000080|581-555-0189|Specialty Bike Shop|Racks and Security Systems|36|A|Touring|One Equinox Way|Primary International|1980
81|AW00000081|175-555-0198|Warehouse|Rally Day Mall|92|Q|Road|2561 Nw 8410th Avenue|United Security|1991
82|AW00000082|814-555-0130|Value Added Reseller|Refined Department Stores|8|S|Road|5250-505 Burning St|Primary Bank & Reserve|1979
83|AW00000083|644-555-0114|Specialty Bike Shop|Requisite Part Supply|35|A|Road|600 Slater Street|Guardian Bank|1992
84|AW00000084|752-555-0185|Warehouse|Rewarding Activities Company|93|Q|Road|25575 The Queensway|Reserve Security|1978
85|AW00000085|1 (11) 500 555-0170|Value Added Reseller|Roadway Bicycle Supply|10|S|Touring|121, rue de Varenne|International Bank|1974
86|AW00000086|1 (11) 500 555-0163|Specialty Bike Shop|Bicycle Exporters|34|A|Touring|Hellweg 4934|International Security|1976
87|AW00000087|1 (11) 500 555-0118|Warehouse|Rich Department Store|94|Q|Touring|99 - 6 Orion Road|Primary International|1978
88|AW00000088|1 (11) 500 555-0173|Value Added Reseller|Closest Bicycle Store|12|S|Mountain|Garamonde Drive, Wymbush|United Security|1980
89|AW00000089|268-555-0184|Specialty Bike Shop|Riverside Company|33|A|Road|5998 E Lorain|Primary Bank & Reserve|1982
90|AW00000090|572-555-0156|Warehouse|Sales and Supply Company|95|Q|Road|Corporate Ofc A/p|Guardian Bank|1984
91|AW00000091|810-555-0198|Value Added Reseller|Scooters and Bikes Store|14|S|Road|258101 Nw Evergreen Parkway|Reserve Security|1986
92|AW00000092|646-555-0137|Specialty Bike Shop|Sports Commodities|32|A|Mountain|253950 N.E. 178th Place|International Bank|1988
93|AW00000093|138-555-0156|Warehouse|Stationary Bikes and Stands|96|Q|Road|Sapp Road West|International Security|1990
94|AW00000094|556-555-0192|Value Added Reseller|Specialty Sports Store|16|S|Mountain|52500 Liberty Way|Primary International|1992
95|AW00000095|716-555-0167|Specialty Bike Shop|Rural Department Store|31|A|Touring|5967 W Las Positas Blvd|United Security|1994
96|AW00000096|354-555-0130|Warehouse|More Bikes!|97|Q|Road|25600 E St Andrews Pl|Primary Bank & Reserve|1996
97|AW00000097|136-555-0134|Value Added Reseller|Mountain Bike Center|18|S|Road|6756 Mowry|Guardian Bank|1998
98|AW00000098|752-555-0187|Specialty Bike Shop|Superlative Bikes|30|A|Mountain|8525 Nw 17th St.|Reserve Security|2000
99|AW00000099|296-555-0171|Warehouse|Unified Sports Company|98|Q|Mountain|9876 Fruitville Rd|International Bank|2002
100|AW00000100|979-555-0163|Value Added Reseller|Up-To-Date Sports|20|S|Mountain|2521 McPherson Street|International Security|2004
101|AW00000101|383-555-0111|Specialty Bike Shop|Urban Sports Emporium|29|A|Road|2560 Bay Street|Primary International|2005
102|AW00000102|493-555-0134|Warehouse|National Manufacturing|99|Q|Road|630 University Avenue|United Security|2003
103|AW00000103|1 (11) 500 555-0131|Value Added Reseller|The Bike Outlet|19|S|Touring|22, rue du D‚part|Primary Bank & Reserve|2004
104|AW00000104|1 (11) 500 555-0117|Specialty Bike Shop|Very Best Sports Supply|28|A|Road|Kurfrstenstr 9|Guardian Bank|1975
105|AW00000105|1 (11) 500 555-0119|Warehouse|Volume Bike Sellers|100|Q|Mountain|2565-175 Mitchell Road|Reserve Security|2003
106|AW00000106|1 (11) 500 555-0120|Value Added Reseller|West Side Mart|18|S|Touring|251 The Metro Center|International Bank|1979
107|AW00000107|652-555-0115|Specialty Bike Shop|Wholesale Bikes|27|A|Road|58 Teed Drive|International Security|2002
108|AW00000108|195-555-0196|Warehouse|Wheelsets Storehouse|66|Q|Road|63 Badgers Island West|Primary International|1983
109|AW00000109|247-555-0197|Value Added Reseller|Travel Sports|17|S|Mountain|755 Nw Grandstand|United Security|2001
110|AW00000110|464-555-0188|Value Added Reseller|Vintage Sport Boutique|2|S|Touring|22571 South 2500 East|Primary Bank & Reserve|1974
111|AW00000111|119-555-0144|Specialty Bike Shop|Westside Cycle Store|10|A|Road|25550 Executive Dr|Guardian Bank|1976
112|AW00000112|803-555-0116|Warehouse|Town Industries|40|Q|Touring|P.O. Box 6256916|Reserve Security|1978
113|AW00000113|273-555-0111|Value Added Reseller|Trendy Department Stores|5|S|Touring|25472 Marlay Ave|International Bank|1980
114|AW00000114|397-555-0144|Specialty Bike Shop|Two Wheels Cycle Store|13|A|Road|77 Beale Street|International Security|1982
115|AW00000115|699-555-0183|Warehouse|Security Racks and Locks Wholesalers|43|Q|Mountain|910 Main Street.|Primary International|1984
116|AW00000116|699-555-0184|Value Added Reseller|Retirement Activities Association|8|S|Road|42500 West Park Drive|United Security|1986
117|AW00000117|987-555-0126|Specialty Bike Shop|Pedals Warehouse|16|A|Road|6055 Shawnee Industrial Way|Primary Bank & Reserve|1988
118|AW00000118|316-555-0138|Warehouse|Rapid Bikes|46|Q|Mountain|992 St Clair Ave East|Guardian Bank|1990
119|AW00000119|667-555-0112|Value Added Reseller|Red Bicycle Company|11|S|Mountain|99, Rue Saint-pierre|Reserve Security|1992
120|AW00000120|292-555-0128|Specialty Bike Shop|Machines & Cycles Store|19|A|Touring|25245 Rue Sherbrooke Ouest|International Bank|1994
121|AW00000121|1 (11) 500 555-0167|Warehouse|Metro Sports Equipment|49|Q|Mountain|6, rue des Pyrenees|International Security|1996
122|AW00000122|1 (11) 500 555-0114|Value Added Reseller|Off-Price Bike Center|14|S|Touring|Postfach 11 09 00|Primary International|1998
123|AW00000123|1 (11) 500 555-0140|Specialty Bike Shop|First Supplies|22|A|Touring|Chabbell Park|United Security|2000
124|AW00000124|1 (11) 500 555-0176|Warehouse|Nearby Sporting Goods|52|Q|Road|Bradford|Primary Bank & Reserve|2002
125|AW00000125|246-555-0110|Value Added Reseller|Immediate Repair Shop|17|S|Mountain|9963 Tresser Blvd.|Guardian Bank|2004
126|AW00000126|159-555-0190|Specialty Bike Shop|Famous Bike Sales and Service|25|A|Road|P.O. Box 9005|Reserve Security|2005
127|AW00000127|119-555-0195|Warehouse|Front Sporting Goods|55|Q|Mountain|257700 Ne 76th Street|International Bank|2003
128|AW00000128|799-555-0118|Value Added Reseller|Demand Distributors|20|S|Road|25102 Springwater|International Security|2004
129|AW00000129|426-555-0181|Specialty Bike Shop|Discount Bicycle Specialists|28|A|Road|25269 Wood Dale Rd.|Primary International|1975
130|AW00000130|380-555-0116|Warehouse|Elite Bikes|58|Q|Road|Po Box 8259024|United Security|2003
131|AW00000131|785-555-0163|Value Added Reseller|Eighth Bike Store|19|S|Touring|2500 N Serene Blvd|Primary Bank & Reserve|1979
132|AW00000132|661-555-0168|Specialty Bike Shop|Another Sporting Goods Company|31|A|Road|5650 West 88th Ave.|Guardian Bank|2002
133|AW00000133|132-555-0150|Warehouse|Commercial Sporting Goods|61|Q|Mountain|9700 Sisk Road|Reserve Security|1983
134|AW00000134|238-555-0165|Value Added Reseller|Budget Bike Company|18|S|Road|Tom Morris|International Bank|2001
135|AW00000135|250-555-0127|Specialty Bike Shop|Wonderful Bikes Inc.|34|A|Road|C/O Arrow Electronics|International Security|1987
136|AW00000136|674-555-0187|Warehouse|Wholesale Parts|64|Q|Road|655-4th Ave S.W.|Primary International|2000
137|AW00000137|257-555-0119|Value Added Reseller|Transportation Options|17|S|Mountain|25900-700-9th Ave S.W.|United Security|1991
138|AW00000138|206-555-0195|Specialty Bike Shop|South Bike Company|37|A|Touring|Po Box 83270|Primary Bank & Reserve|1999
139|AW00000139|1 (11) 500 555-0168|Warehouse|Steel Inc.|67|Q|Road|5, place de la Concorde|Guardian Bank|1995
140|AW00000140|1 (11) 500 555-0187|Value Added Reseller|Teen Discount Store|16|S|Mountain|Haberstr 29|Reserve Security|1998
141|AW00000141|1 (11) 500 555-0176|Specialty Bike Shop|Rental Gallery|40|A|Mountain|2520b Underwood Street|International Bank|1999
142|AW00000142|1 (11) 500 555-0114|Warehouse|Riding Cycles|70|Q|Road|Galashiels|International Security|1997
143|AW00000143|545-555-0183|Value Added Reseller|Modern Bike Store|15|S|Road|Saltonstall Parkway|Primary International|2003
144|AW00000144|539-555-0142|Specialty Bike Shop|Only Bikes and Accessories|43|A|Mountain|123 Union Square South|United Security|1996
145|AW00000145|962-555-0166|Warehouse|Raw Materials Inc|73|Q|Mountain|Bldg. 9n/99298|Primary Bank & Reserve|2002
146|AW00000146|340-555-0131|Value Added Reseller|Latest Sports Equipment|14|S|Mountain|4251 First Avenue|Guardian Bank|1995
147|AW00000147|221-555-0141|Specialty Bike Shop|Local Hardware Factory|46|A|Road|42500 W 76th St|Reserve Security|2001
148|AW00000148|494-555-0134|Warehouse|Lots of Bikes Storehouse|76|Q|Mountain|4255 East Lies Road|International Bank|1994
149|AW00000149|229-555-0114|Value Added Reseller|Initial Bike Company|13|S|Mountain|789 West Alameda|International Security|2000
150|AW00000150|927-555-0198|Specialty Bike Shop|Fleet Bikes|49|A|Mountain|54254 Pacific Ave.|Primary International|1993
151|AW00000151|163-555-0155|Warehouse|Futuristic Bikes|79|Q|Mountain|25136 Jefferson Blvd.|United Security|1999
152|AW00000152|353-555-0188|Value Added Reseller|Distance Bikes|12|S|Road|Park North Business Center|Primary Bank & Reserve|1992
153|AW00000153|954-555-0145|Specialty Bike Shop|Widget Bicycle Specialists|48|A|Road|23456 Calumet St|Guardian Bank|1998
154|AW00000154|193-555-0116|Warehouse|Camping and Sports Store|80|Q|Touring|400-25155 West Pender St|Reserve Security|1991
155|AW00000155|180-555-0114|Value Added Reseller|Corner Bicycle Supply|11|S|Road|2511 Baker Road|International Bank|1997
156|AW00000156|844-555-0112|Specialty Bike Shop|Metal Processing Company|47|A|Road|770 Notre Datme Quest Bureau 800|International Security|1990
157|AW00000157|1 (11) 500 555-0120|Warehouse|Ace Bicycle Supply|81|Q|Mountain|36, avenue de la Gare|Primary International|1996
158|AW00000158|1 (11) 500 555-0191|Value Added Reseller|Rural Sporting Goods|10|S|Road|Auf der Krone 53|United Security|1989
159|AW00000159|1 (11) 500 555-0177|Specialty Bike Shop|Uncompromising Quality Co|46|A|Touring|65 Epping Road|Primary Bank & Reserve|1995
160|AW00000160|1 (11) 500 555-0178|Warehouse|Vigorous Sports Store|82|Q|Road|Banbury|Guardian Bank|1988
161|AW00000161|754-555-0134|Value Added Reseller|Weekend Tours|9|S|Road|42522 Northrupp|Reserve Security|1994
162|AW00000162|599-555-0160|Specialty Bike Shop|Tire Company|45|A|Road|675 East Ave.|International Bank|1987
163|AW00000163|644-555-0111|Warehouse|Sports Merchandise|83|Q|Touring|558 S 6th St|International Security|1993
164|AW00000164|706-555-0140|Value Added Reseller|Suburban Cycle Shop|8|S|Mountain|994 Sw Cherry Park Rd|Primary International|1986
165|AW00000165|383-555-0117|Specialty Bike Shop|Third Bike Store|44|A|Road|2500 North Stemmons Freeway|United Security|1992
166|AW00000166|351-555-0131|Warehouse|Fitness Toy Store|84|Q|Road|220 Mercy Drive|Primary Bank & Reserve|1985
167|AW00000167|156-555-0187|Value Added Reseller|Farthermost Bike Shop|7|S|Road|99000 S. Avalon Blvd. Suite 750|Guardian Bank|1991
168|AW00000168|688-555-0113|Specialty Bike Shop|Economy Bikes Company|43|A|Mountain|72502 Eastern Ave.|Reserve Security|1984
169|AW00000169|147-555-0192|Warehouse|Downtown Hotel|85|Q|Mountain|2560 E. Newlands Dr|International Bank|1990
170|AW00000170|576-555-0171|Value Added Reseller|Excellent Riding Supplies|6|S|Road|6555 Quince Road, Suite 2025|International Security|1983
171|AW00000171|332-555-0142|Specialty Bike Shop|Eighty Toy Stores|42|A|Road|2025 Greenwood Ct|Primary International|1989
172|AW00000172|835-555-0116|Warehouse|Certified Sports Supply|86|Q|Mountain|250551 Shellbridge Way|United Security|1982
173|AW00000173|722-555-0169|Value Added Reseller|Sundry Sporting Goods|5|S|Road|595 Burning Street|Primary Bank & Reserve|1988
174|AW00000174|838-555-0147|Specialty Bike Shop|Toy Manufacturing Inc|41|A|Road|252345 8810th Avenue|Guardian Bank|1981
175|AW00000175|1 (11) 500 555-0197|Warehouse|Registered Cycle Store|87|Q|Mountain|26, rue Saint Denis|Reserve Security|1987
176|AW00000176|1 (11) 500 555-0163|Value Added Reseller|Rodeway Bike Store|4|S|Mountain|Winterfeldtstr 5557|International Bank|1980
177|AW00000177|1 (11) 500 555-0181|Specialty Bike Shop|Plastic Products Manufacturers|40|A|Touring|5525 Glenferrie Road|International Security|1986
178|AW00000178|1 (11) 500 555-0193|Warehouse|Rampart Amusement Company|88|Q|Touring|Bradford|Primary International|1979
179|AW00000179|608-555-0114|Value Added Reseller|Fourth Bike Store|3|S|Touring|77993 Mentor Ave.|United Security|1985
180|AW00000180|264-555-0164|Specialty Bike Shop|Full-Service Bike Store|39|A|Mountain|9920 North Telegraph Rd.|Primary Bank & Reserve|1978
181|AW00000181|396-555-0139|Warehouse|Family Entertainment Center|89|Q|Touring|25718 Se Sunnyside Rd|Guardian Bank|1984
182|AW00000182|156-555-0126|Value Added Reseller|Another Bicycle Company|2|S|Touring|567 Sw Mcloughlin Blvd|Reserve Security|1977
183|AW00000183|344-555-0181|Specialty Bike Shop|This Area Sporting Goods|38|A|Mountain|25 N State St|International Bank|1983
184|AW00000184|306-555-0166|Warehouse|Go-cart and Bike Specialists|90|Q|Mountain|2509 W. Frankford|International Security|1976
185|AW00000185|495-555-0113|Value Added Reseller|Weekend Bike Tours|4|S|Road|630 N. Capitol Ave.|Primary International|1982
186|AW00000186|789-555-0184|Specialty Bike Shop|Thrilling Bike Tours|37|A|Touring|4660 Rodeo Road|United Security|1975
187|AW00000187|491-555-0132|Warehouse|Trailblazing Sports|91|Q|Mountain|251340 E. South St.|Primary Bank & Reserve|1981
188|AW00000188|685-555-0176|Value Added Reseller|Variety Bike Outlet|6|S|Mountain|83995 South Dixie Highway|Guardian Bank|1974
189|AW00000189|514-555-0128|Specialty Bike Shop|Principal Bicycle Supply|36|A|Road|39950 Airport Blvd.|Reserve Security|1980
190|AW00000190|371-555-0112|Warehouse|Racing Partners|92|Q|Mountain|2512-410th Avenue S.W.|International Bank|1991
191|AW00000191|303-555-0117|Value Added Reseller|Non-Slip Pedal Company|8|S|Road|258 King Street East|International Security|1979
192|AW00000192|117-555-0173|Specialty Bike Shop|Nuts and Bolts Mfg.|35|A|Mountain|6th Floor Ferguson Block|Primary International|1992
193|AW00000193|1 (11) 500 555-0165|Warehouse|Perfect Toys|93|Q|Touring|68081, place du Tertre|United Security|1978
194|AW00000194|1 (11) 500 555-0179|Value Added Reseller|Mechanical Brake Manufacturers|10|S|Touring|Alte Landstr 776|Primary Bank & Reserve|1974
195|AW00000195|1 (11) 500 555-0180|Specialty Bike Shop|Inexpensive Parts Shop|34|A|Mountain|2253 Miller Street|Guardian Bank|1976
196|AW00000196|1 (11) 500 555-0126|Warehouse|Exhibition Showroom|94|Q|Mountain|Garamonde Drive, Wymbush|Reserve Security|1978
197|AW00000197|224-555-0126|Value Added Reseller|Fabrikam Inc., West|12|S|Mountain|46460 West Oaks Drive|International Bank|1980
198|AW00000198|528-555-0183|Specialty Bike Shop|Field Trip Inc|33|A|Road|997000 Telegraph Rd.|International Security|1982
199|AW00000199|947-555-0143|Warehouse|Authorized Bike Sales and Rental|95|Q|Touring|490 Ne 4th St|Primary International|1984
200|AW00000200|170-555-0189|Value Added Reseller|Basic Bike Company|14|S|Road|15 East Main|United Security|1986
201|AW00000201|789-555-0189|Specialty Bike Shop|Unsurpassed Bikes|32|A|Touring|Po Box 8035996|Primary Bank & Reserve|1988
202|AW00000202|645-555-0193|Warehouse|Two-Seater Bikes|96|Q|Touring|5700 Legacy Dr|Guardian Bank|1990
203|AW00000203|207-555-0129|Value Added Reseller|Separate Parts Corporation|16|S|Road|440 West Huntington Dr.|Reserve Security|1992
204|AW00000204|973-555-0112|Specialty Bike Shop|Traction Tire Company|31|A|Mountain|99235 Hawthorne Blvd.|International Bank|1994
205|AW00000205|171-555-0147|Warehouse|Rally Master Company Inc|97|Q|Touring|870 N. 54th Ave.|International Security|1996
206|AW00000206|895-555-0160|Value Added Reseller|New and Used Bicycles|18|S|Road|3990 Silas Creek Parkway|Primary International|1998
207|AW00000207|726-555-0191|Specialty Bike Shop|Lubricant and Grease Suppliers|30|A|Mountain|956k North Wesleyan Blvd.|United Security|2000
208|AW00000208|154-555-0115|Warehouse|Professional Cyclists|98|Q|Road|2545 King Street West|Primary Bank & Reserve|2002
209|AW00000209|595-555-0131|Value Added Reseller|Purple Bicycle Company|20|S|Road|2550 Middlefield Road|Guardian Bank|2004
210|AW00000210|584-555-0192|Specialty Bike Shop|Gasless Cycle Shop|29|A|Road|25 First Canadian Place|Reserve Security|2005
211|AW00000211|1 (11) 500 555-0174|Warehouse|Sports Products Store|99|Q|Road|98, rue de Terre Neuve|International Bank|2003
212|AW00000212|1 (11) 500 555-0187|Value Added Reseller|Enterprise Center|19|S|Touring|Kurfrstenstr 574|International Security|2004
213|AW00000213|1 (11) 500 555-0168|Specialty Bike Shop|Fast Bike Works|28|A|Touring|Level 100|Primary International|1975
214|AW00000214|1 (11) 500 555-0175|Warehouse|Exclusive Bicycle Mart|100|Q|Road|Butterfield Hse, 7-251 Chapel St|United Security|2003
215|AW00000215|230-555-0164|Value Added Reseller|Eleventh Bike Store|18|S|Road|25850 Post Road|Primary Bank & Reserve|1979
216|AW00000216|496-555-0150|Specialty Bike Shop|Painters Bicycle Specialists|27|A|Road|9975 Union St.|Guardian Bank|2002
217|AW00000217|642-555-0187|Warehouse|City Manufacturing|66|Q|Mountain|3025 E Waterway Blvd|Reserve Security|1983
218|AW00000218|476-555-0139|Value Added Reseller|Sure & Reliable Sporting Goods|17|S|Road|7990 Ocean Beach Hwy.|International Bank|2001
219|AW00000219|320-555-0134|Value Added Reseller|Extras Sporting Goods|2|S|Road|625 W Jackson Blvd. Unit 2502|International Security|1974
220|AW00000220|575-555-0189|Specialty Bike Shop|Best o' Bikes|10|A|Touring|250880 Baur Blvd|Primary International|1976
221|AW00000221|993-555-0179|Warehouse|Bike Dealers Association|40|Q|Road|9952 E. Lohman Ave.|United Security|1978
222|AW00000222|858-555-0140|Value Added Reseller|Sample Bike Store|5|S|Road|2530 South Colorado Blvd.|Primary Bank & Reserve|1980
223|AW00000223|458-555-0179|Specialty Bike Shop|Paints and Solvents Company|13|A|Touring|955 E. County Line Rd.|Guardian Bank|1982
224|AW00000224|455-555-0144|Warehouse|Pedal Systems Company|43|Q|Road|656 Cox Creek Pkwy.|Reserve Security|1984
225|AW00000225|523-555-0170|Value Added Reseller|Optimal Bikes|8|S|Road|25050 S. Columbia Ave|International Bank|1986
226|AW00000226|103-555-0151|Specialty Bike Shop|Leisure Activities|16|A|Mountain|65 Gamelin Street|International Security|1988
227|AW00000227|431-555-0153|Warehouse|Health Spa, Limited|46|Q|Road|2500 University Avenue|Primary International|1990
228|AW00000228|356-555-0190|Value Added Reseller|Home Town Bike Store|11|S|Touring|955 Green Valley Crescent|United Security|1992
229|AW00000229|1 (11) 500 555-0113|Specialty Bike Shop|Instant Cycle Store|19|A|Road|21801, rue L‚o Delibes|Primary Bank & Reserve|1994
230|AW00000230|1 (11) 500 555-0179|Warehouse|Global Bike Retailers|49|Q|Touring|K”nigsteiner Straáe 9|Guardian Bank|1996
231|AW00000231|1 (11) 500 555-0122|Value Added Reseller|Helmets and Cycles|14|S|Touring|Rosebery|Reserve Security|1998
232|AW00000232|1 (11) 500 555-0140|Specialty Bike Shop|Exceptional Cycle Services|22|A|Touring|Wade Road|International Bank|2000
233|AW00000233|618-555-0193|Warehouse|Fashionable Department Stores|52|Q|Mountain|7505 Commercial Dr.|International Security|2002
234|AW00000234|428-555-0162|Value Added Reseller|Eastside Sporting Goods|17|S|Road|89950 Castleton Corner|Primary International|2004
235|AW00000235|344-555-0133|Specialty Bike Shop|Certified Bicycle Supply|25|A|Road|2345 West Spencer Road|United Security|2005
236|AW00000236|173-555-0151|Warehouse|Closeout Boutique|55|Q|Mountain|1050 Oak Street|Primary Bank & Reserve|2003
237|AW00000237|658-555-0146|Value Added Reseller|Client Discount Store|20|S|Mountain|Noah Lane|Guardian Bank|2004
238|AW00000238|652-555-0189|Specialty Bike Shop|A Great Bicycle Company|28|A|Road|6030 Robinson Road|Reserve Security|1975
239|AW00000239|529-555-0195|Warehouse|Bicycle Merchandise Warehouse|58|Q|Road|409 Santa Monica Blvd.|International Bank|2003
240|AW00000240|103-555-0179|Value Added Reseller|Wire Baskets and Parts|19|S|Road|Mall Of Orange|International Security|1979
241|AW00000241|703-555-0120|Specialty Bike Shop|Vale Riding Supplies|31|A|Touring|Topanga Plaza|Primary International|2002
242|AW00000242|600-555-0162|Warehouse|Spoke Manufacturers|61|Q|Road|2545 N.W. 107th Ave.|United Security|1983
243|AW00000243|162-555-0138|Value Added Reseller|Recreation Supplies|18|S|Mountain|8789 S.W. 2517 Ave.|Primary Bank & Reserve|2001
244|AW00000244|697-555-0131|Specialty Bike Shop|Retail Discount Store|34|A|Road|2510 Crew Court|Guardian Bank|1987
245|AW00000245|191-555-0151|Warehouse|Leather Seat Factory|64|Q|Mountain|9900-6400 Boul, Taschereau|Reserve Security|2000
246|AW00000246|481-555-0131|Value Added Reseller|Large Bike Shop|17|S|Mountain|600 Boul. Rene-levesque Ouest|International Bank|1991
247|AW00000247|1 (11) 500 555-0112|Specialty Bike Shop|Major Amusement Company|37|A|Mountain|2111, rue de Linois|International Security|1999
248|AW00000248|1 (11) 500 555-0158|Warehouse|Good Bicycle Store|67|Q|Road|Werftstr 4400|Primary International|1995
249|AW00000249|1 (11) 500 555-0189|Value Added Reseller|Helpful Sales and Repair Service|16|S|Touring|Licensing Account|United Security|1998
250|AW00000250|1 (11) 500 555-0127|Specialty Bike Shop|Express Bike Services|40|A|Mountain|586 Fulham Road,|Primary Bank & Reserve|1999
251|AW00000251|378-555-0157|Warehouse|Endurance Bikes|70|Q|Road|99200 Dixwell Ave.|Guardian Bank|1997
252|AW00000252|612-555-0149|Value Added Reseller|Classic Cycle Store|15|S|Mountain|630 Oldgate Lane|Reserve Security|2003
253|AW00000253|116-555-0163|Specialty Bike Shop|Roving Sports|43|A|Road|4927 S Meridian Ave Ste D|International Bank|1996
254|AW00000254|449-555-0176|Warehouse|Safe Cycles Shop|73|Q|Mountain|25915 140th Ave Ne|International Security|2002
255|AW00000255|184-555-0187|Value Added Reseller|Swift Cycles|14|S|Road|25500 Old Spanish Trail|Primary International|1995
256|AW00000256|367-555-0124|Specialty Bike Shop|Rental Bikes|46|A|Road|99828 Routh Street, Suite 825|United Security|2001
257|AW00000257|384-555-0169|Warehouse|Number 1 Supply|76|Q|Road|Escondido|Primary Bank & Reserve|1994
258|AW00000258|767-555-0193|Value Added Reseller|Quantity Discounts|13|S|Road|Natomas Marketplace|Guardian Bank|2000
259|AW00000259|199-555-0135|Specialty Bike Shop|Highway Bike Shop|49|A|Road|Simi @ The Plaza|Reserve Security|1993
260|AW00000260|471-555-0181|Warehouse|Industrial Supplies|79|Q|Touring|825 Coral Way|International Bank|1999
261|AW00000261|695-555-0128|Value Added Reseller|Functional Store North|12|S|Mountain|650 E Altamonte Dr|International Security|1992
262|AW00000262|718-555-0152|Specialty Bike Shop|General Industries|48|A|Road|9259 - 1110th Avenue Sw|Primary International|1998
263|AW00000263|251-555-0172|Warehouse|Farthest Bike Store|80|Q|Touring|45259 Canada Way|United Security|1991
264|AW00000264|277-555-0182|Value Added Reseller|Fasteners & Bolts Outlet|11|S|Touring|9960 King Street E.|Primary Bank & Reserve|1997
265|AW00000265|1 (11) 500 555-0199|Specialty Bike Shop|Full Sports Supply|47|A|Mountain|39, route de Marseille|Guardian Bank|1990
266|AW00000266|1 (11) 500 555-0129|Warehouse|Excellent Bikes|81|Q|Touring|Hans-Rosenthal-Platz 4223|Reserve Security|1996
267|AW00000267|1 (11) 500 555-0179|Value Added Reseller|Cycle Parts and Accessories|10|S|Touring|Level 99|International Bank|1989
268|AW00000268|1 (11) 500 555-0138|Specialty Bike Shop|Channel Outlet|46|A|Touring|Knaves Beech Ind.|International Security|1995
269|AW00000269|131-555-0171|Warehouse|Curbside Universe|82|Q|Road|25264 E. 260th|Primary International|1988
270|AW00000270|526-555-0155|Value Added Reseller|Active Transport Inc.|9|S|Road|225200 Miles Ave.|United Security|1994
271|AW00000271|164-555-0147|Specialty Bike Shop|Alternative Vehicles|45|A|Road|3307 Evergreen Blvd|Primary Bank & Reserve|1987
272|AW00000272|635-555-0126|Warehouse|Metro Cycle Shop|83|Q|Mountain|2507 Pacific Ave S|Guardian Bank|1993
273|AW00000273|686-555-0180|Value Added Reseller|A Typical Bike Shop|8|S|Road|One Dancing, Rr No. 25|Reserve Security|1986
274|AW00000274|521-555-0183|Specialty Bike Shop|Active Systems|44|A|Road|9995 West Central Entrance|International Bank|1992
275|AW00000275|118-555-0131|Warehouse|Outdoor Sporting Goods|84|Q|Touring|Lakewood Mall|International Security|1985
276|AW00000276|308-555-0175|Value Added Reseller|Thrifty Parts and Sales|7|S|Road|Oxnard Outlet|Primary International|1991
277|AW00000277|583-555-0198|Specialty Bike Shop|The Bicycle Accessories Company|43|A|Road|Vista Marketplace|United Security|1984
278|AW00000278|965-555-0112|Warehouse|Tread Industries|85|Q|Mountain|25631 Florida Mall Ave.|Primary Bank & Reserve|1990
279|AW00000279|793-555-0146|Value Added Reseller|Reliable Brake Systems|6|S|Mountain|770 South Point Dr|Guardian Bank|1983
280|AW00000280|692-555-0136|Specialty Bike Shop|Standard Bikes|42|A|Mountain|9979 Bayview Drive|Reserve Security|1989
281|AW00000281|990-555-0141|Warehouse|Petroleum Products Distributors|86|Q|Touring|20225 Lansing Ave|International Bank|1982
282|AW00000282|882-555-0115|Value Added Reseller|Quick Parts and Service|5|S|Touring|99954 Boul. Laurier, Local 060, Place|International Security|1988
283|AW00000283|1 (11) 500 555-0112|Specialty Bike Shop|Racing Supply Distributors|41|A|Touring|57, rue des Vendangeurs|Primary International|1981
284|AW00000284|1 (11) 500 555-0148|Warehouse|Nearby Bike Mall|87|Q|Road|Nonnendamm 63|United Security|1987
285|AW00000285|1 (11) 500 555-0151|Value Added Reseller|Nearest Bike Store|4|S|Touring|Ctrcrt Bus Pk/995-27 Paul St N|Primary Bank & Reserve|1980
286|AW00000286|1 (11) 500 555-0169|Specialty Bike Shop|Number One Bike Co.|40|A|Road|Elmhurst Road, Goring|Guardian Bank|1986
287|AW00000287|859-555-0173|Warehouse|Handy Bike Services|88|Q|Mountain|399700 John R. Rd.|Reserve Security|1979
288|AW00000288|241-555-0112|Value Added Reseller|Kickstand Sellers|3|S|Mountain|6789 Warren Road|International Bank|1985
289|AW00000289|763-555-0145|Specialty Bike Shop|Moderately-Priced Bikes Store|39|A|Mountain|67 Rainer Ave S|International Security|1978
290|AW00000290|119-555-0167|Warehouse|Friendly Bike Shop|89|Q|Road|750 Lakeway Dr|Primary International|1984
291|AW00000291|640-555-0189|Value Added Reseller|Grand Bicycle Stores|2|S|Mountain|48255 I-10 E. @ Eastpoint Blvd.|United Security|1977
292|AW00000292|126-555-0172|Specialty Bike Shop|Grease and Oil Products Company|38|A|Road|9903 Highway 6 South|Primary Bank & Reserve|1983
293|AW00000293|115-555-0113|Warehouse|Fashionable Bikes and Accessories|90|Q|Mountain|Sports Store At Park City|Guardian Bank|1976
294|AW00000294|780-555-0114|Value Added Reseller|Flawless Bike Shop|4|S|Road|North County Square|Reserve Security|1982
295|AW00000295|129-555-0164|Specialty Bike Shop|Engineered Bike Systems|37|A|Touring|123 Camelia Avenue|International Bank|1975
296|AW00000296|937-555-0136|Warehouse|Extreme Toy Store|91|Q|Mountain|7725 Luddington Lane|International Security|1981
297|AW00000297|790-555-0112|Value Added Reseller|Blue-Ribbon Bike Company|6|S|Touring|790 Shelbyville Road|Primary International|1974
298|AW00000298|239-555-0198|Specialty Bike Shop|City Cycling|36|A|Road|6th Floor 5250 Main Street|United Security|1980
299|AW00000299|680-555-0192|Warehouse|Citywide Service and Repair|92|Q|Road|Box 99354 300 Union Street|Primary Bank & Reserve|1991
300|AW00000300|221-555-0167|Value Added Reseller|Nice Bikes|8|S|Road|Suite 800 2530 Slater Street|Guardian Bank|1979
301|AW00000301|1 (11) 500 555-0183|Specialty Bike Shop|Rural Mountain Bike Mart|35|A|Road|98, rue Montcalm|Reserve Security|1992
302|AW00000302|1 (11) 500 555-0178|Warehouse|Best Cycle Store|93|Q|Touring|Berliner Platz 45|International Bank|1978
303|AW00000303|1 (11) 500 555-0187|Value Added Reseller|Seaside Bike Works|10|S|Touring|2501 Miller Street|International Security|1974
304|AW00000304|1 (11) 500 555-0182|Specialty Bike Shop|Essential Bike Works|34|A|Road|New Millhouse, 2583 Milton Park|Primary International|1976
305|AW00000305|219-555-0126|Warehouse|Professional Sporting Goods|94|Q|Touring|42500 South Franklin Street|United Security|1978
306|AW00000306|818-555-0171|Value Added Reseller|Work and Play Association|12|S|Road|2533 Eureka Rd.|Primary Bank & Reserve|1980
307|AW00000307|992-555-0134|Specialty Bike Shop|Riding Associates|33|A|Mountain|2528 Meridian E|Guardian Bank|1982
308|AW00000308|839-555-0198|Warehouse|Rugged Bikes|95|Q|Touring|48995 Evergreen Wy.|Reserve Security|1984
309|AW00000309|149-555-0113|Value Added Reseller|The Gear Store|14|S|Mountain|2345 North Freeway|International Bank|1986
310|AW00000310|118-555-0184|Specialty Bike Shop|Orange Bicycle Company|32|A|Road|123 W. Lake Ave.|International Security|1988
311|AW00000311|551-555-0155|Warehouse|Principal Bike Company|96|Q|Road|Mountain Square|Primary International|1990
312|AW00000312|226-555-0146|Value Added Reseller|Resale Services|16|S|Mountain|Fox Hills|United Security|1992
313|AW00000313|140-555-0192|Specialty Bike Shop|Metropolitan Manufacturing|31|A|Road|Parkway Plaza|Primary Bank & Reserve|1994
314|AW00000314|188-555-0152|Warehouse|One-Piece Handle Bars|97|Q|Mountain|4496 Barnes Crossing Rd.|Guardian Bank|1996
315|AW00000315|843-555-0175|Value Added Reseller|Juvenile Sports Equipment|18|S|Mountain|78025 E. Mercy Island Cswy|Reserve Security|1998
316|AW00000316|207-555-0167|Specialty Bike Shop|Low Price Cycles|30|A|Mountain|Suite 500 995 W. 11th Avenue|International Bank|2000
317|AW00000317|767-555-0151|Warehouse|Finer Riding Supplies|98|Q|Road|#9900 2700 Production Way|International Security|2002
318|AW00000318|277-555-0169|Value Added Reseller|First-Rate Outlet|20|S|Road|25537 Hillside Avenue|Primary International|2004
319|AW00000319|1 (11) 500 555-0181|Specialty Bike Shop|Cycles Sales and Repair|29|A|Touring|3387, rue Marbeuf|United Security|2005
320|AW00000320|1 (11) 500 555-0146|Warehouse|Amalgamated Parts Shop|99|Q|Touring|Brunnenstr 422|Primary Bank & Reserve|2003
321|AW00000321|1 (11) 500 555-0140|Value Added Reseller|Second Bike Shop|19|S|Road|6 Lord Street|Guardian Bank|2004
322|AW00000322|1 (11) 500 555-0176|Specialty Bike Shop|Tachometers and Accessories|28|A|Mountain|Wymbush|Reserve Security|1975
323|AW00000323|689-555-0130|Warehouse|Metro Bike Works|100|Q|Mountain|250000 Eight Mile Road|International Bank|2003
324|AW00000324|842-555-0125|Value Added Reseller|A Bicycle Association|18|S|Touring|6405 Erie Blvd. Hills Plaza|International Security|1979
325|AW00000325|918-555-0127|Specialty Bike Shop|All Cycle Shop|27|A|Mountain|25111 228th St Sw|Primary International|2002
326|AW00000326|164-555-0145|Warehouse|Year-Round Sports|66|Q|Mountain|2583 Se 272nd St|United Security|1983
327|AW00000327|695-555-0158|Value Added Reseller|World of Bikes|17|S|Mountain|660 Lindbergh|Primary Bank & Reserve|2001
328|AW00000328|560-555-0171|Value Added Reseller|Totes & Baskets Company|2|S|Road|72540 Blanco Rd.|Guardian Bank|1974
329|AW00000329|795-555-0116|Specialty Bike Shop|Unicycles, Bicycles, and Tricycles|10|A|Touring|Stonewood Mall|Reserve Security|1976
330|AW00000330|637-555-0120|Warehouse|The New Bike Store|40|Q|Road|Hanford Mall|International Bank|1978
331|AW00000331|433-555-0168|Value Added Reseller|Technical Parts Manufacturing|5|S|Touring|Ontario Mills|International Security|1980
332|AW00000332|144-555-0175|Specialty Bike Shop|Topnotch Bikes|13|A|Mountain|574 Atlanta Highway|Primary International|1982
333|AW00000333|621-555-0157|Warehouse|Resident Cycle Shop|43|Q|Mountain|5230a Hwy. 2553|United Security|1984
334|AW00000334|155-555-0140|Value Added Reseller|Retreat Inn|8|S|Road|Suite 2502 410 Albert Street|Primary Bank & Reserve|1986
335|AW00000335|156-555-0111|Specialty Bike Shop|Scratch-Resistant Finishes Company|16|A|Mountain|5700 Explorer Drive|Guardian Bank|1988
336|AW00000336|495-555-0161|Warehouse|Primary Bike Distributors|46|Q|Road|965 De La Gauchetiere West|Reserve Security|1990
337|AW00000337|1 (11) 500 555-0116|Value Added Reseller|Recreation Toy Store|11|S|Mountain|39, avenue des Laurentides|International Bank|1992
338|AW00000338|1 (11) 500 555-0136|Specialty Bike Shop|Rambling Tours|19|A|Touring|Rotth„user Weg 511|International Security|1994
339|AW00000339|1 (11) 500 555-0180|Warehouse|Major Bicycle Store|49|Q|Touring|Level 6|Primary International|1996
340|AW00000340|1 (11) 500 555-0195|Value Added Reseller|Nearby Cycle Shop|14|S|Mountain|Burgess Hill|United Security|1998
341|AW00000341|710-555-0116|Specialty Bike Shop|Independent Outlet|22|A|Road|Great Northern Mall Hwy4 & Rt. 31|Primary Bank & Reserve|2000
342|AW00000342|433-555-0162|Warehouse|Leather and Vinyl Manufacturing|52|Q|Road|250 E. County Line Rd.|Guardian Bank|2002
343|AW00000343|490-555-0132|Value Added Reseller|Mail-Order Outlet|17|S|Road|409 S. Main Ste. 25|Reserve Security|2004
344|AW00000344|652-555-0132|Specialty Bike Shop|Fifth Bike Store|25|A|Road|2502 Evergreen Ste E|International Bank|2005
345|AW00000345|121-555-0139|Warehouse|Genial Bike Associates|55|Q|Mountain|99450 Highway 59 North|International Security|2003
346|AW00000346|810-555-0160|Value Added Reseller|Great Bicycle Supply|20|S|Mountain|455 256th St.|Primary International|2004
347|AW00000347|857-555-0187|Specialty Bike Shop|Bike Universe|28|A|Mountain|Nut Tree Factory|United Security|1975
348|AW00000348|855-555-0174|Warehouse|Bold Bike Accessories|58|Q|Mountain|Rocky Mountain Pines Outlet|Primary Bank & Reserve|2003
349|AW00000349|112-555-0176|Value Added Reseller|Exercise Center|19|S|Mountain|Stevens Creek Shopping Center|Guardian Bank|1979
350|AW00000350|756-555-0117|Specialty Bike Shop|Mountain Emporium|31|A|Mountain|25800 Gallitin Rd.|Reserve Security|2002
351|AW00000351|178-555-0129|Warehouse|Acclaimed Bicycle Company|61|Q|Touring|830 Highway 499 So|International Bank|1983
352|AW00000352|155-555-0149|Value Added Reseller|Twelfth Bike Store|18|S|Mountain|No. 25400 10665 Jasper Avenue|International Security|2001
353|AW00000353|700-555-0155|Specialty Bike Shop|Two-Wheeled Transit Company|34|A|Mountain|P.O. Box 44000|Primary International|1987
354|AW00000354|614-555-0134|Warehouse|Serious Cycles|64|Q|Mountain|Suite 99320 255 - 510th Avenue S.W.|United Security|2000
355|AW00000355|1 (11) 500 555-0165|Value Added Reseller|Spare Parts Co.|17|S|Mountain|3101, avenue de Malakoff|Primary Bank & Reserve|1991
356|AW00000356|1 (11) 500 555-0190|Specialty Bike Shop|Speedometer Sales|37|A|Road|Am Karlshof 8200|Guardian Bank|1999
357|AW00000357|1 (11) 500 555-0181|Warehouse|Quality Bike Sales|67|Q|Touring|P.O. Box 990032|Reserve Security|1995
358|AW00000358|1 (11) 500 555-0144|Value Added Reseller|Mail Market|16|S|Touring|308-3250 Casting Road|International Bank|1998
359|AW00000359|377-555-0158|Specialty Bike Shop|Mechanical Sports Center|40|A|Road|6225 Glenway Ave.|International Security|1999
360|AW00000360|327-555-0148|Warehouse|Novelty Bikes|70|Q|Touring|998 Forest Road|Primary International|1997
361|AW00000361|390-555-0150|Value Added Reseller|Fitness Supplies|15|S|Touring|755 W Washington Ave Ste D|United Security|2003
362|AW00000362|889-555-0176|Specialty Bike Shop|Grand Cycle Store|43|A|Road|44606 N Division St|Primary Bank & Reserve|1996
363|AW00000363|556-555-0145|Warehouse|Immense Manufacturing Company|73|Q|Touring|70 N.W. Plaza|Guardian Bank|2002
364|AW00000364|249-555-0179|Value Added Reseller|District Mall|14|S|Road|25095 W. Florissant|Reserve Security|1995
365|AW00000365|539-555-0182|Specialty Bike Shop|Distinctive Store|46|A|Road|Factory Merchants|International Bank|2001
366|AW00000366|129-555-0110|Warehouse|Extended Bike Sales|76|Q|Mountain|The Citadel Commerce Plaza|International Security|1994
367|AW00000367|145-555-0166|Value Added Reseller|Brown Bicycle Company|13|S|Road|University Town Center|Primary International|2000
368|AW00000368|945-555-0112|Specialty Bike Shop|Elemental Sporting Goods|49|A|Mountain|99842 White Mill East|United Security|1993
369|AW00000369|922-555-0193|Warehouse|Distinctive Cycles Sales & Service|79|Q|Mountain|Turfway Retail Center|Primary Bank & Reserve|1999
370|AW00000370|656-555-0173|Value Added Reseller|Acceptable Sales & Service|12|S|Road|6400, 888 - 3rd Avenue|Guardian Bank|1992
371|AW00000371|140-555-0143|Specialty Bike Shop|Custom Sales and Service|48|A|Road|255117 - 101 Avenue|Reserve Security|1998
372|AW00000372|421-555-0192|Warehouse|Top Bike Market|80|Q|Touring|975 Princess Street|International Bank|1991
373|AW00000373|1 (11) 500 555-0132|Value Added Reseller|Township Inn|11|S|Road|61, rue Henri Gagnon|International Security|1997
374|AW00000374|1 (11) 500 555-0147|Specialty Bike Shop|Major Equipment Co|47|A|Touring|Holzstr 6444|Primary International|1990
375|AW00000375|1 (11) 500 555-0181|Warehouse|Region Bike Company|81|Q|Road|P O Box 72569|United Security|1996
376|AW00000376|1 (11) 500 555-0146|Value Added Reseller|Commerce Bicycle Specialists|10|S|Mountain|Wharfdale Road|Primary Bank & Reserve|1989
377|AW00000377|941-555-0155|Specialty Bike Shop|Grand Sport Boutique|46|A|Road|99800 Tittabawasee Rd.|Guardian Bank|1995
378|AW00000378|238-555-0163|Warehouse|Grown-up Bike Store|82|Q|Mountain|25192 Princeton Rd.|Reserve Security|1988
379|AW00000379|275-555-0179|Value Added Reseller|Fad Outlet|9|S|Road|2550 Ne Sandy Blvd|International Bank|1994
380|AW00000380|542-555-0164|Specialty Bike Shop|First Department Stores|45|A|Mountain|2540 Dell Range Blvd|International Security|1987
381|AW00000381|145-555-0194|Warehouse|Bicycle Lines Distributors|83|Q|Mountain|6996 South Lindbergh|Primary International|1993
382|AW00000382|510-555-0123|Value Added Reseller|Beneficial Exercises and Activities|8|S|Road|6425 Nw Loop 410|United Security|1986
383|AW00000383|773-555-0182|Specialty Bike Shop|Vehicle Shop|44|A|Road|Pavillion @ Redlands|Primary Bank & Reserve|1992
384|AW00000384|787-555-0128|Warehouse|Sparkling Paint and Finishes|84|Q|Mountain|San Diego Factory|Guardian Bank|1985
385|AW00000385|330-555-0116|Value Added Reseller|Sturdy Toys|7|S|Mountain|Pacific West Outlet|Reserve Security|1991
386|AW00000386|884-555-0193|Specialty Bike Shop|Touring Services|43|A|Road|25 Myrtle Beach|International Bank|1984
387|AW00000387|825-555-0187|Warehouse|Racing Association|85|Q|Road|Parkway City Mall|International Security|1990
388|AW00000388|112-555-0195|Value Added Reseller|Road Way Sales and Rental|6|S|Mountain|2900 - 25055 Dunning Street|Primary International|1983
389|AW00000389|428-555-0176|Specialty Bike Shop|Sixth Bike Store|42|A|Mountain|Suite 25800 3401 - 10810th Avenue|United Security|1989
390|AW00000390|204-555-0189|Warehouse|Plastic Parts Company|86|Q|Mountain|750 Philip Street|Primary Bank & Reserve|1982
391|AW00000391|1 (11) 500 555-0115|Value Added Reseller|Pretty Bikes and Toys|5|S|Road|9005, rue des Bouchers|Guardian Bank|1988
392|AW00000392|1 (11) 500 555-0133|Specialty Bike Shop|Primary Cycle Shop|41|A|Road|Am Grossen Dern 982|Reserve Security|1981
393|AW00000393|1 (11) 500 555-0155|Warehouse|Gears and Parts Company|87|Q|Touring|2nd Floor|International Bank|1987
394|AW00000394|1 (11) 500 555-0116|Value Added Reseller|Little Sports Center|4|S|Touring|7 Pioneer Business Park|International Security|1980
395|AW00000395|249-555-0172|Specialty Bike Shop|Online Bike Sellers|40|A|Mountain|678 Eastman Ave.|Primary International|1986
396|AW00000396|214-555-0170|Warehouse|Executive Gift Store|88|Q|Mountain|New Castle Plaza|United Security|1979
397|AW00000397|928-555-0117|Value Added Reseller|Capable Sales and Service|3|S|Mountain|765 Delridge Way Sw|Primary Bank & Reserve|1985
398|AW00000398|383-555-0155|Specialty Bike Shop|Commendable Bikes|39|A|Road|4781 Highway 95|Guardian Bank|1978
399|AW00000399|588-555-0128|Warehouse|Big Cycle Mall|89|Q|Touring|9500b E. Central Texas Expressway|Reserve Security|1984
400|AW00000400|632-555-0171|Value Added Reseller|Local Sales and Rental|2|S|Touring|1200 First Ave.|International Bank|1977
401|AW00000401|883-555-0177|Specialty Bike Shop|Brightwork Company|38|A|Mountain|Belz Factory Outlet|International Security|1983
402|AW00000402|640-555-0198|Warehouse|Pro Sporting Goods|90|Q|Mountain|Camarillo Athletic Stores|Primary International|1976
403|AW00000403|996-555-0196|Value Added Reseller|Affordable Sports Equipment|4|S|Road|Lake Elisnor Place|United Security|1982
404|AW00000404|717-555-0131|Specialty Bike Shop|Activity Center|37|A|Road|Factory Stores Of America|Primary Bank & Reserve|1975
405|AW00000405|813-555-0173|Warehouse|Sporting Goods and Bicycle Shop|91|Q|Road|Fort Henry Mall|Guardian Bank|1981
406|AW00000406|570-555-0199|Value Added Reseller|The Commissary|6|S|Road|Bureau 9900 825, Avenue Querbes|Reserve Security|1974
407|AW00000407|665-555-0198|Specialty Bike Shop|Workout Emporium|36|A|Touring|700 Bureau Road|International Bank|1980
408|AW00000408|519-555-0151|Warehouse|Odometers and Accessories Company|92|Q|Touring|253711 Mayfield Place, Unit 150|International Security|1991
409|AW00000409|1 (11) 500 555-0123|Value Added Reseller|Outdoor Toy Store|8|S|Mountain|18, rue de l'Esplanade|Primary International|1979
410|AW00000410|1 (11) 500 555-0139|Specialty Bike Shop|Pedaling Components|35|A|Touring|Conesweg 49|United Security|1992
411|AW00000411|1 (11) 500 555-0142|Warehouse|Kids and Adults Cycle Shop|93|Q|Mountain|258 Berry Street|Primary Bank & Reserve|1978
412|AW00000412|1 (11) 500 555-0181|Value Added Reseller|Leisure Clearing House|10|S|Road|Unit 99a Battery Retail Pk|Guardian Bank|1974
413|AW00000413|752-555-0115|Specialty Bike Shop|Margie's Travel|34|A|Mountain|Woodbury Commons|Reserve Security|1976
414|AW00000414|727-555-0190|Warehouse|Grand Discount Store|94|Q|Mountain|Indiana Factory Shops|International Bank|1978
415|AW00000415|708-555-0169|Value Added Reseller|Imaginary Toys|12|S|Touring|4210 E Sprague Ave|International Security|1980
416|AW00000416|134-555-0182|Specialty Bike Shop|Impromptu Trips|33|A|Mountain|Valley Mall|Primary International|1982
417|AW00000417|273-555-0181|Warehouse|Genuine Bike Shop|95|Q|Road|7760 N. Pan Am Expwy|United Security|1984
418|AW00000418|223-555-0184|Value Added Reseller|Good Bike Shop|14|S|Road|99433 S. Greenbay Rd.|Primary Bank & Reserve|1986
419|AW00000419|816-555-0118|Specialty Bike Shop|Exertion Activities Club|32|A|Touring|Norwalk Square|Guardian Bank|1988
420|AW00000420|429-555-0145|Warehouse|Extreme Riding Supplies|96|Q|Touring|Riverside|Reserve Security|1990
421|AW00000421|448-555-0179|Value Added Reseller|Fitness Cycling|16|S|Mountain|The Quad @ WestView|International Bank|1992
422|AW00000422|762-555-0110|Specialty Bike Shop|Consolidated Sales|31|A|Mountain|Carolina Factory Shops|International Security|1994
423|AW00000423|334-555-0146|Warehouse|Bike Rims Company|97|Q|Road|Edgewater Mall|Primary International|1996
424|AW00000424|371-555-0143|Value Added Reseller|Bikes for Two|18|S|Mountain|63 West Beaver Creek|United Security|1998
425|AW00000425|910-555-0116|Specialty Bike Shop|Bikes for Kids and Adults|30|A|Mountain|9900 Ronson Drive|Primary Bank & Reserve|2000
426|AW00000426|817-555-0114|Warehouse|Custom Accessories Company|98|Q|Road|251 Indell Lane|Guardian Bank|2002
427|AW00000427|1 (11) 500 555-0122|Value Added Reseller|Atypical Bike Company|20|S|Road|7551, avenue Foch|Reserve Security|2004
428|AW00000428|1 (11) 500 555-0112|Specialty Bike Shop|West Wind Distributors|29|A|Touring|Kr”nerweg 9249|International Bank|2005
429|AW00000429|1 (11) 500 555-0183|Warehouse|Unusual Bicycle Company|99|Q|Touring|85 Egerton Street|International Security|2003
430|AW00000430|1 (11) 500 555-0118|Value Added Reseller|Uttermost Bike Shop|19|S|Road|Ellesfield Ave|Primary International|2004
431|AW00000431|583-555-0130|Specialty Bike Shop|Small Cycle Store|28|A|Road|Horizon Outlet Center|United Security|1975
432|AW00000432|186-555-0135|Warehouse|Super Sports Store|100|Q|Road|Washington Square Ii|Primary Bank & Reserve|2003
433|AW00000433|827-555-0143|Value Added Reseller|Thorough Parts and Repair Services|18|S|Road|S Sound Ctr Suite 25300|Guardian Bank|1979
434|AW00000434|234-555-0112|Specialty Bike Shop|Road-Way Mart|27|A|Mountain|Southgate Mall|Reserve Security|2002
435|AW00000435|847-555-0151|Warehouse|Satin Finish Company|66|Q|Mountain|25220 Airline Road|International Bank|1983
436|AW00000436|145-555-0152|Value Added Reseller|Sheet Metal Manufacturing|17|S|Road|25306 Harvey Rd.|International Security|2001
437|AW00000437|148-555-0149|Value Added Reseller|Professional Cycle Store|2|S|Mountain|Arcadia Crossing|Primary International|1974
438|AW00000438|121-555-0157|Specialty Bike Shop|Remarkable Bike Store|10|A|Road|Eastern Beltway Center|United Security|1976
439|AW00000439|425-555-0158|Warehouse|Regional Manufacturing|40|Q|Mountain|Factory Stores/tucson|Primary Bank & Reserve|1978
440|AW00000440|315-555-0166|Value Added Reseller|Hobby Store|5|S|Mountain|Highland Lakes Shopping Ctr.|Guardian Bank|1980
441|AW00000441|500-555-0134|Specialty Bike Shop|Leading Bike Distributors|13|A|Road|Grand Central Place|Reserve Security|1982
442|AW00000442|185-555-0190|Warehouse|Original Bicycle Supply Company|43|Q|Mountain|2573 Dufferin Street|International Bank|1984
443|AW00000443|476-555-0184|Value Added Reseller|Courteous Bicycle Specialists|8|S|Touring|995 Crescent|International Security|1986
444|AW00000444|396-555-0187|Specialty Bike Shop|Finer Cycle Shop|16|A|Mountain|2500-622 5th Ave Sw|Primary International|1988
445|AW00000445|1 (11) 500 555-0130|Warehouse|First Center|46|Q|Mountain|22, rue Lafayette|United Security|1990
446|AW00000446|1 (11) 500 555-0115|Value Added Reseller|Fitness Toys|11|S|Touring|Auf Der Steige 1000|Primary Bank & Reserve|1992
447|AW00000447|1 (11) 500 555-0113|Specialty Bike Shop|Cross-town Parts Shop|19|A|Road|Po Box 25484|Guardian Bank|1994
448|AW00000448|1 (11) 500 555-0176|Warehouse|Action Bicycle Specialists|49|Q|Touring|Warrington Ldc Unit 25/2|Reserve Security|1996
449|AW00000449|881-555-0139|Value Added Reseller|Bike Products and Accessories|14|S|Mountain|Regency Hilltop Shopping Cntr|International Bank|1998
450|AW00000450|115-555-0170|Specialty Bike Shop|Bikes Anyone?|22|A|Touring|Ames Plaza|International Security|2000
451|AW00000451|691-555-0149|Warehouse|Roadway Bike Emporium|52|Q|Touring|Medford|Primary International|2002
452|AW00000452|398-555-0167|Value Added Reseller|A Cycle Shop|17|S|Touring|Heritage Mall|United Security|2004
453|AW00000453|672-555-0112|Specialty Bike Shop|Unique Bikes|25|A|Mountain|3900 S. 997th St.|Primary Bank & Reserve|2005
454|AW00000454|834-555-0132|Warehouse|Sleek Bikes|55|Q|Touring|44025 W. Empire|Guardian Bank|2003
455|AW00000455|740-555-0159|Value Added Reseller|Timely Shipping Service|20|S|Mountain|Viejas Outlet Center|Reserve Security|2004
456|AW00000456|912-555-0149|Specialty Bike Shop|Riding Excursions|28|A|Road|West Park Plaza|International Bank|1975
457|AW00000457|962-555-0112|Warehouse|Retail Sporting Equipment|58|Q|Mountain|Factory Stores Of America|International Security|2003
458|AW00000458|317-555-0163|Value Added Reseller|Simple Bike Parts|19|S|Road|Silver Sands Factory Outlet|Primary International|1979
459|AW00000459|653-555-0170|Specialty Bike Shop|Parts Shop|31|A|Road|West Georgia Commons|United Security|2002
460|AW00000460|753-555-0179|Warehouse|Price-Cutter Discount Bikes|61|Q|Road|6700 Boul Taschereau|Primary Bank & Reserve|1983
461|AW00000461|907-555-0170|Value Added Reseller|Active Life Toys|18|S|Road|55 Standish Court|Guardian Bank|2001
462|AW00000462|962-555-0175|Specialty Bike Shop|General Riding Supplies|34|A|Mountain|43251 Viking Way, Unit 130|Reserve Security|1987
463|AW00000463|1 (11) 500 555-0123|Warehouse|Brand New Bikes|64|Q|Road|215, avenue Reille|International Bank|2000
464|AW00000464|1 (11) 500 555-0147|Value Added Reseller|Educational Services|17|S|Touring|Wallstr 244|International Security|1991
465|AW00000465|1 (11) 500 555-0137|Specialty Bike Shop|Expert Cycle Store|37|A|Touring|Orwith Center|Primary International|1999
466|AW00000466|1 (11) 500 555-0136|Warehouse|Central Bicycle Specialists|67|Q|Touring|6 The Farm, Liberty Road|United Security|1995
467|AW00000467|505-555-0145|Value Added Reseller|The Cycle Store|16|S|Mountain|The Corner Shopping Center|Primary Bank & Reserve|1998
468|AW00000468|492-555-0146|Specialty Bike Shop|Blue Bicycle Company|40|A|Road|Horizon Outlet Center|Guardian Bank|1999
469|AW00000469|554-555-0124|Warehouse|Vast Bike Sales and Rental|70|Q|Mountain|Lewis County Mall|Reserve Security|1997
470|AW00000470|328-555-0192|Value Added Reseller|Wingtip Toys|15|S|Mountain|755 Columbia Ctr Blvd|International Bank|2003
471|AW00000471|596-555-0153|Specialty Bike Shop|Social Activities Club|43|A|Road|23025 S.W. Military Rd.|International Security|1996
472|AW00000472|252-555-0127|Warehouse|Summer Sports Place|73|Q|Mountain|Ring Plaza|Primary International|2002
473|AW00000473|731-555-0187|Value Added Reseller|Racing Toys|14|S|Road|Prime Outlets|United Security|1995
474|AW00000474|777-555-0163|Specialty Bike Shop|Retail Cycle Shop|46|A|Mountain|Bayshore Mall|Primary Bank & Reserve|2001
475|AW00000475|581-555-0172|Warehouse|Real Sporting Goods|76|Q|Mountain|7709 West Virginia Avenue|Guardian Bank|1994
476|AW00000476|165-555-0172|Value Added Reseller|Noiseless Gear Company|13|S|Mountain|Peachtree Mall|Reserve Security|2000
477|AW00000477|991-555-0148|Specialty Bike Shop|Quitting Business Distributors|49|A|Touring|University Plaza|International Bank|1993
478|AW00000478|512-555-0122|Warehouse|Major Cycling|79|Q|Road|46990 Viking Way|International Security|1999
479|AW00000479|765-555-0141|Value Added Reseller|General Supplies|12|S|Road|9693 Louis H Lafontaine|Primary International|1992
480|AW00000480|994-555-0194|Specialty Bike Shop|General Bike Corporation|48|A|Road|69251 Creditview Road|United Security|1998
481|AW00000481|1 (11) 500 555-0149|Warehouse|Getaway Inn|80|Q|Road|54, avenue des Ternes|Primary Bank & Reserve|1991
482|AW00000482|1 (11) 500 555-0186|Value Added Reseller|Fabrikam Inc., East|11|S|Road|Roástr 9938|Guardian Bank|1997
483|AW00000483|1 (11) 500 555-0123|Specialty Bike Shop|Fitness Bike Accessories|47|A|Touring|Level 7|Reserve Security|1990
484|AW00000484|1 (11) 500 555-0199|Warehouse|Downhill Bicycle Specialists|81|Q|Mountain|725a The Arches|International Bank|1996
485|AW00000485|107-555-0138|Value Added Reseller|Clamps & Brackets Co.|10|S|Mountain|Leesburg Premium Outlet Centre|International Security|1989
486|AW00000486|721-555-0163|Specialty Bike Shop|Convenient Bike Shop|46|A|Road|Tree Plaza|Primary International|1995
487|AW00000487|924-555-0195|Warehouse|Bike Experts|82|Q|Mountain|Lancaster Mall|United Security|1988
488|AW00000488|959-555-0151|Value Added Reseller|Bicycle Accessories and Kits|9|S|Mountain|Lewiston Mall|Primary Bank & Reserve|1994
489|AW00000489|191-555-0198|Specialty Bike Shop|Cash & Carry Bikes|45|A|Mountain|Lakeline Mall|Guardian Bank|1987
490|AW00000490|306-555-0112|Warehouse|Extraordinary Bike Works|83|Q|Mountain|Town East Center|Reserve Security|1993
491|AW00000491|991-555-0183|Value Added Reseller|Area Bike Accessories|8|S|Road|6900 Sisk Road|International Bank|1986
492|AW00000492|768-555-0125|Specialty Bike Shop|Basic Sports Equipment|44|A|Mountain|3250 Baldwin Park Blvd|International Security|1992
493|AW00000493|323-555-0113|Warehouse|Valley Bicycle Distributors|84|Q|Road|5867 Sunrise Boulevard|Primary International|1985
494|AW00000494|197-555-0143|Value Added Reseller|Worthwhile Activity Store|7|S|Mountain|Flagler Park Plaza|United Security|1991
495|AW00000495|395-555-0128|Specialty Bike Shop|Tough and Reliable Parts|43|A|Road|Market Square Shopping Center|Primary Bank & Reserve|1984
496|AW00000496|613-555-0116|Warehouse|Top Sports Supply|85|Q|Mountain|251420a 170th Street|Guardian Bank|1990
497|AW00000497|727-555-0115|Value Added Reseller|Valley Toy Store|6|S|Mountain|252851 Rowan Place|Reserve Security|1983
498|AW00000498|272-555-0123|Specialty Bike Shop|Quick Delivery Service|42|A|Mountain|5990 Avebury Road|International Bank|1989
499|AW00000499|1 (11) 500 555-0122|Warehouse|Racing Sales and Service|86|Q|Road|510, avenue de Villiers|International Security|1982
500|AW00000500|1 (11) 500 555-0150|Value Added Reseller|Irregulars Outlet|5|S|Mountain|Pappelallee 19|Primary International|1988
501|AW00000501|1 (11) 500 555-0119|Specialty Bike Shop|Jumbo Bikes|41|A|Touring|254a James Street Botany|United Security|1981
502|AW00000502|1 (11) 500 555-0177|Warehouse|Metropolitan Bicycle Supply|87|Q|Mountain|Paramount House|Primary Bank & Reserve|1987
503|AW00000503|440-555-0166|Value Added Reseller|Metropolitan Sales and Rental|4|S|Road|Granite State Marketplace|Guardian Bank|1980
504|AW00000504|264-555-0143|Specialty Bike Shop|Historic Bicycle Sales|40|A|Mountain|Redford Plaza|Reserve Security|1986
505|AW00000505|688-555-0115|Warehouse|Honest Repair Service|88|Q|Touring|Three Rivers Mall|International Bank|1979
506|AW00000506|571-555-0128|Value Added Reseller|Great Bikes|3|S|Mountain|Eastridge Mall|International Security|1985
507|AW00000507|176-555-0136|Specialty Bike Shop|Global Sporting Goods|39|A|Road|Fountains On The Lake|Primary International|1978
508|AW00000508|132-555-0149|Warehouse|Designer Department Stores|89|Q|Road|Southwest Outlet|United Security|1984
509|AW00000509|678-555-0175|Value Added Reseller|Fun Toys and Bikes|2|S|Touring|6500 East Grant Road|Primary Bank & Reserve|1977
510|AW00000510|992-555-0111|Specialty Bike Shop|World Bike Discount Store|38|A|Road|3065 Santa Margarita Parkway|Guardian Bank|1983
511|AW00000511|926-555-0136|Warehouse|Wheel Gallery|90|Q|Road|9920 Bridgepointe Parkway|Reserve Security|1976
512|AW00000512|781-555-0199|Value Added Reseller|Tiny Bike Boutique|4|S|Road|Fsa Outlet Center|International Bank|1982
513|AW00000513|562-555-0119|Specialty Bike Shop|Village Tours|37|A|Mountain|Newport Shopping Center|International Security|1975
514|AW00000514|726-555-0155|Warehouse|Retail Mall|91|Q|Road|254480 River Rd|Primary International|1981
515|AW00000515|833-555-0167|Value Added Reseller|Rural Bicycle Supply|6|S|Mountain|Suite #9902|United Security|1974
516|AW00000516|162-555-0174|Specialty Bike Shop|Seats and Saddles Company|36|A|Mountain|5th Floor, 79 Place D'armes|Primary Bank & Reserve|1980
517|AW00000517|1 (11) 500 555-0122|Warehouse|Racing Store|92|Q|Road|30, avenue de l' Union Centrale|Guardian Bank|1991
518|AW00000518|1 (11) 500 555-0132|Value Added Reseller|Regional Cycle Shop|8|S|Road|Karl Liebknecht str 399|Reserve Security|1979
519|AW00000519|1 (11) 500 555-0114|Specialty Bike Shop|List Price Catalog Company|35|A|Touring|Level 25|International Bank|1992
520|AW00000520|1 (11) 500 555-0118|Warehouse|Metro Metals Co.|93|Q|Touring|2524 Barlby Road|International Security|1978
521|AW00000521|538-555-0182|Value Added Reseller|Mobile Outlet|10|S|Road|Walnut Hill Plaza|Primary International|1974
522|AW00000522|962-555-0139|Specialty Bike Shop|Small Bike Accessories Shop|34|A|Touring|Consumer Square|United Security|1976
523|AW00000523|149-555-0196|Warehouse|Futuristic Sport Distributors|94|Q|Road|5525 South Hover Road|Primary Bank & Reserve|1978
524|AW00000524|916-555-0171|Value Added Reseller|Chain and Chain Tool Distributions|12|S|Road|Factory Stores Of America|Guardian Bank|1980
525|AW00000525|249-555-0124|Specialty Bike Shop|Cycles and Scooters|33|A|Road|Peach Festival Outlet|Reserve Security|1982
526|AW00000526|605-555-0111|Warehouse|Finer Sales and Service|95|Q|Road|#500-75 O'Connor Street|International Bank|1984
527|AW00000527|847-555-0184|Value Added Reseller|Fun Times Club|14|S|Road|8525 South Parker Road|International Security|1986
528|AW00000528|519-555-0112|Specialty Bike Shop|Alpine Ski House|32|A|Road|7505 Laguna Boulevard|Primary International|1988
529|AW00000529|669-555-0149|Warehouse|Big-Time Bike Store|96|Q|Road|9909 W. Ventura Boulevard|United Security|1990
530|AW00000530|430-555-0121|Value Added Reseller|Valuable Bike Parts Company|16|S|Mountain|Belz Factory Outlet|Primary Bank & Reserve|1992
531|AW00000531|235-555-0199|Specialty Bike Shop|Sunny Place Bikes|31|A|Road|Horizon Outlet Center|Guardian Bank|1994
532|AW00000532|898-555-0137|Warehouse|The Showroom|97|Q|Road|4400 March Road|Reserve Security|1996
533|AW00000533|744-555-0123|Value Added Reseller|Tenth Bike Store|18|S|Road|Depot 80|International Bank|1998
534|AW00000534|399-555-0114|Specialty Bike Shop|Recommended Bicycles|30|A|Road|250 Kingsbridge Garden Circle|International Security|2000
535|AW00000535|1 (11) 500 555-0191|Warehouse|Spa and Exercise Outfitters|98|Q|Mountain|33, rue Georges-Cl‚menceau|Primary International|2002
536|AW00000536|1 (11) 500 555-0199|Value Added Reseller|Next Door Cycles|20|S|Touring|Brunnenstr 9511|United Security|2004
537|AW00000537|1 (11) 500 555-0125|Specialty Bike Shop|Preferable Bikes|29|A|Touring|Level 25|Primary Bank & Reserve|2005
538|AW00000538|1 (11) 500 555-0179|Warehouse|Prosperous Tours|99|Q|Road|99-3 Forest Works|Guardian Bank|2003
539|AW00000539|108-555-0171|Value Added Reseller|Glossy Bikes|19|S|Touring|Adirondack Factory Outlet|Reserve Security|2004
540|AW00000540|995-555-0114|Specialty Bike Shop|Guaranteed Sales and Service|28|A|Road|Buckeye Factory Shops|International Bank|1975
541|AW00000541|525-555-0174|Warehouse|Nonskid Tire Company|100|Q|Mountain|Holiday Village Mall|International Security|2003
542|AW00000542|129-555-0185|Value Added Reseller|Finer Parts Shop|18|S|Mountain|2526a Tri-Lake Blvd Ne|Primary International|1979
543|AW00000543|963-555-0146|Specialty Bike Shop|Friendly Neighborhood Bikes|27|A|Mountain|Johnson Creek|United Security|2002
544|AW00000544|158-555-0142|Warehouse|Valley Bicycle Specialists|66|Q|Mountain|Blue Ridge Mall|Primary Bank & Reserve|1983
545|AW00000545|362-555-0177|Value Added Reseller|Finish and Sealant Products|17|S|Road|25150 El Camino Real|Guardian Bank|2001
546|AW00000546|608-555-0162|Value Added Reseller|Field Trip Store|2|S|Mountain|2575 Rocky Mountain Ave.|Reserve Security|1974
547|AW00000547|535-555-0189|Specialty Bike Shop|Curbside Sporting Goods|10|A|Road|25871 North Main Street|International Bank|1976
548|AW00000548|453-555-0165|Warehouse|New Bikes Company|40|Q|Road|Hilton Head Factory Outlets No. 25|International Security|1978
549|AW00000549|871-555-0159|Value Added Reseller|Daring Rides|5|S|Road|Bay Area Outlet Mall|Primary International|1980
550|AW00000550|723-555-0124|Specialty Bike Shop|Remote Bicycle Specialists|13|A|Road|No. 2000-25080 Beaver Hall Hill|United Security|1982
551|AW00000551|554-555-0110|Warehouse|Vinyl and Plastic Goods Corporation|43|Q|Mountain|No. 25800-130 King Street West|Primary Bank & Reserve|1984
552|AW00000552|244-555-0115|Value Added Reseller|Consolidated Messenger|8|S|Road|25 Danger Street West|Guardian Bank|1986
553|AW00000553|1 (11) 500 555-0162|Specialty Bike Shop|Accessories Network|16|A|Touring|699bis, rue des Peupliers|Reserve Security|1988
554|AW00000554|1 (11) 500 555-0198|Warehouse|Top of the Line Bikes|46|Q|Touring|Knaackstr 7|International Bank|1990
555|AW00000555|1 (11) 500 555-0190|Value Added Reseller|Twin Cycles|11|S|Touring|2253-217 Palmer Street|International Security|1992
556|AW00000556|1 (11) 500 555-0195|Specialty Bike Shop|Variety Cycling|19|A|Touring|46-44 Albemarle Street|Primary International|1994
557|AW00000557|492-555-0189|Warehouse|Purchase Mart|49|Q|Touring|Wrentham Village|United Security|1996
558|AW00000558|607-555-0193|Value Added Reseller|Retail Sales and Service|14|S|Road|Lake Region Factory Outlet|Primary Bank & Reserve|1998
559|AW00000559|158-555-0123|Specialty Bike Shop|Some Discount Store|22|A|Mountain|Frontier Mall|Guardian Bank|2000
560|AW00000560|331-555-0162|Warehouse|Major Sport Suppliers|52|Q|Mountain|White Mountain Mall|Reserve Security|2002
561|AW00000561|447-555-0110|Value Added Reseller|Mountain Toy Store|17|S|Road|First Colony Mall|International Bank|2004
562|AW00000562|623-555-0144|Specialty Bike Shop|Practical Bike Supply Company|25|A|Mountain|Horizon Outlet|International Security|2005
563|AW00000563|555-555-0162|Warehouse|Systematic Sales|55|Q|Touring|2551 East Warner Road|Primary International|2003
564|AW00000564|115-555-0175|Value Added Reseller|Imported and Domestic Cycles|20|S|Road|22589 West Craig Road|United Security|2004
565|AW00000565|911-555-0153|Specialty Bike Shop|Metallic Paint and Overcoat Co|28|A|Road|25751 University Drive|Primary Bank & Reserve|1975
566|AW00000566|695-555-0111|Warehouse|eCommerce Bikes|58|Q|Mountain|Gulfport Factory Shops|Guardian Bank|2003
567|AW00000567|845-555-0187|Value Added Reseller|Global Plaza|19|S|Mountain|Belz Factory Outlet|Reserve Security|1979
568|AW00000568|555-555-0162|Specialty Bike Shop|Economy Center|31|A|Mountain|6th Floor, 25st Canadian Place|International Bank|2002
569|AW00000569|699-555-0155|Warehouse|Designated Distributors|61|Q|Road|254 Colonnade Road|International Security|1983
570|AW00000570|968-555-0153|Value Added Reseller|Family's Favorite Bike Shop|18|S|Mountain|25981 College Street|Primary International|2001
571|AW00000571|1 (11) 500 555-0187|Specialty Bike Shop|Community Department Stores|34|A|Mountain|3639, rue des Grands Champs|United Security|1987
572|AW00000572|1 (11) 500 555-0191|Warehouse|Versatile Sporting Goods Company|64|Q|Road|Alderstr 1849|Primary Bank & Reserve|2000
573|AW00000573|1 (11) 500 555-0132|Value Added Reseller|Nationwide Supply|17|S|Touring|4250 Concord Road|Guardian Bank|1991
574|AW00000574|1 (11) 500 555-0119|Specialty Bike Shop|Area Sheet Metal Supply|37|A|Road|399 Clearing Green|Reserve Security|1999
575|AW00000575|153-555-0114|Warehouse|Bicycle Outfitters|67|Q|Road|Cherry Grove Plaza|International Bank|1995
576|AW00000576|599-555-0127|Value Added Reseller|The Bike Mechanics|16|S|Mountain|Johnny Appleseed Shop.center|International Security|1998
577|AW00000577|851-555-0127|Specialty Bike Shop|Synthetic Materials Manufacturing|40|A|Road|3390 South 23rd St.|Primary International|1999
578|AW00000578|957-555-0125|Warehouse|The Bike Shop|70|Q|Mountain|3250 South Meridian|United Security|1997
579|AW00000579|334-555-0137|Value Added Reseller|Riders Company|15|S|Road|Tanger Factory|Primary Bank & Reserve|2003
580|AW00000580|190-555-0186|Specialty Bike Shop|Rural Sales and Service|43|A|Road|Management Mall|Guardian Bank|1996
581|AW00000581|329-555-0183|Warehouse|Safe Toys|73|Q|Mountain|49925 Crestview Drive N.E.|Reserve Security|2002
582|AW00000582|747-555-0171|Value Added Reseller|Professional Sales and Service|14|S|Touring|57251 Serene Blvd|International Bank|1995
583|AW00000583|741-555-0173|Specialty Bike Shop|Professional Containers and Packaging Co.|46|A|Mountain|253731 West Bell Road|International Security|2001
584|AW00000584|475-555-0188|Warehouse|Qualified Sales and Repair Services|76|Q|Road|Savannah Festival Outlet|Primary International|1994
585|AW00000585|398-555-0132|Value Added Reseller|Next-Door Bike Store|13|S|Mountain|Mall Of Memphis|United Security|2000
586|AW00000586|797-555-0118|Specialty Bike Shop|One Bike Company|49|A|Mountain|5 place Ville-Marie|Primary Bank & Reserve|1993
587|AW00000587|920-555-0191|Warehouse|Our Sporting Goods Store|79|Q|Road|6030 Conroy Road|Guardian Bank|1999
588|AW00000588|127-555-0124|Value Added Reseller|General Cycle Storehouse|12|S|Mountain|30025 Wayburne Drive, Suite 275|Reserve Security|1992
589|AW00000589|1 (11) 500 555-0128|Specialty Bike Shop|Hiatus Bike Tours|48|A|Touring|3833, boulevard Beau Marchais|International Bank|1998
590|AW00000590|1 (11) 500 555-0115|Warehouse|Lustrous Paints and Components|80|Q|Road|Kurfrstenstr 74|International Security|1991
591|AW00000591|1 (11) 500 555-0134|Value Added Reseller|Fitness Discount Store|11|S|Touring|Level 992|Primary International|1997
592|AW00000592|1 (11) 500 555-0115|Specialty Bike Shop|Cycling Goods|47|A|Road|997b Tradescant Road|United Security|1990
593|AW00000593|993-555-0162|Warehouse|Expert Sports Store|81|Q|Mountain|Spring Meadows Place|Primary Bank & Reserve|1996
594|AW00000594|301-555-0128|Value Added Reseller|Casual Bicycle Store|10|S|Mountain|Westside Plaza|Guardian Bank|1989
595|AW00000595|792-555-0194|Specialty Bike Shop|Cycle Clearance|46|A|Touring|2255 254th Avenue Se|Reserve Security|1995
596|AW00000596|627-555-0192|Warehouse|Coho Sports|82|Q|Mountain|705 SE Mall Parkway|International Bank|1988
597|AW00000597|129-555-0120|Value Added Reseller|All Seasons Sports Supply|9|S|Touring|Ohms Road|International Security|1994
598|AW00000598|441-555-0144|Specialty Bike Shop|Black Bicycle Company|45|A|Mountain|Factory Merchants|Primary International|1987
599|AW00000599|362-555-0162|Warehouse|Westside Plaza|83|Q|Touring|99040 California Avenue|United Security|1993
600|AW00000600|654-555-0150|Value Added Reseller|Strenuous Exercise Shop|8|S|Mountain|25620 Firestone Boulevard|Primary Bank & Reserve|1986
601|AW00000601|328-555-0123|Specialty Bike Shop|Transport Bikes|44|A|Touring|25130 South State Street|Guardian Bank|1992
602|AW00000602|242-555-0181|Warehouse|Ultimate Bike Shop|84|Q|Mountain|Foothills Mall|Reserve Security|1985
603|AW00000603|140-555-0188|Value Added Reseller|Retail Toy Store|7|S|Road|Dadeland Mall, Space 25090|International Bank|1991
604|AW00000604|517-555-0120|Specialty Bike Shop|Sellers of Cycles|43|A|Road|700 Se Sunnyside Road|International Security|1984
605|AW00000605|695-555-0161|Warehouse|Outstanding Cycles|85|Q|Touring|North 93270 Newport Highway|Primary International|1990
606|AW00000606|850-555-0198|Value Added Reseller|Little Bicycle Supply Shop|6|S|Road|Cedar Creek Stores|United Security|1983
607|AW00000607|355-555-0180|Specialty Bike Shop|Maintenance and Repair for Bicycles|42|A|Touring|Lone Star Factory|Primary Bank & Reserve|1989
608|AW00000608|280-555-0124|Warehouse|Golf and Cycle Store|86|Q|Mountain|5500 Grossmont Center Drive|Guardian Bank|1982
609|AW00000609|969-555-0117|Value Added Reseller|Good Toys|5|S|Road|99700 Bell Road|Reserve Security|1988
610|AW00000610|366-555-0110|Specialty Bike Shop|Fitness Department Stores|41|A|Touring|7750 E Marching Rd|International Bank|1981
611|AW00000611|609-555-0186|Warehouse|Front Runner Bikes|87|Q|Touring|DeSouth Square|International Security|1987
612|AW00000612|419-555-0166|Value Added Reseller|General Associates|4|S|Road|32525 Hollywood Blvd.|Primary International|1980
613|AW00000613|226-555-0110|Specialty Bike Shop|Famous Bike Shop|40|A|Mountain|999 West Georgia St.|United Security|1986
614|AW00000614|1 (11) 500 555-0136|Warehouse|Favorite Toy Distributor|88|Q|Touring|1, place de la R‚publique|Primary Bank & Reserve|1979
615|AW00000615|1 (11) 500 555-0157|Value Added Reseller|Fast Services|3|S|Road|K”nigsteiner Straáe 449|Guardian Bank|1985
616|AW00000616|1 (11) 500 555-0151|Specialty Bike Shop|Eastward Bike Accessories|39|A|Touring|Level 7|Reserve Security|1978
617|AW00000617|1 (11) 500 555-0146|Warehouse|Tubeless Tire Company|89|Q|Touring|2574 Milton Park|International Bank|1984
618|AW00000618|860-555-0119|Value Added Reseller|Seventh Bike Store|2|S|Road|Stateline Plaza|International Security|1977
619|AW00000619|601-555-0151|Specialty Bike Shop|Strong Metal Manufacturing|38|A|Road|Pyramid Mall|Primary International|1983
620|AW00000620|482-555-0188|Warehouse|Tires and Tubes|90|Q|Mountain|25708 Dell Range Blvd.|United Security|1976
621|AW00000621|146-555-0176|Value Added Reseller|Running and Cycling Gear|4|S|Touring|No. 60 Bellis Fair Parkway|Primary Bank & Reserve|1982
622|AW00000622|493-555-0185|Specialty Bike Shop|Gift and Toy Store|37|A|Road|Sports Stores @ Tuscola|Guardian Bank|1975
623|AW00000623|153-555-0195|Warehouse|Hardware Components|91|Q|Mountain|City Center|Reserve Security|1981
624|AW00000624|454-555-0160|Value Added Reseller|First Cycle Store|6|S|Road|25250 N 90th St|International Bank|1974
625|AW00000625|315-555-0131|Specialty Bike Shop|Major Sporting Goods|36|A|Road|9980 S Alma School Road|International Security|1980
626|AW00000626|129-555-0185|Warehouse|Retail Sporting Goods|92|Q|Road|6753 Howard Hughes Parkway|Primary International|1991
627|AW00000627|597-555-0132|Value Added Reseller|Exchange Parts Inc.|8|S|Touring|7700 Green Road|United Security|1979
628|AW00000628|112-555-0160|Specialty Bike Shop|Executive Discount Store|35|A|Road|20500 S.W. 2512th Ave|Primary Bank & Reserve|1992
629|AW00000629|809-555-0152|Warehouse|Efficient Cycling|93|Q|Touring|250333 Southport Road, S.W.|Guardian Bank|1978
630|AW00000630|194-555-0149|Value Added Reseller|Eastside Parts Shop|10|S|Touring|7000 Victoria Park Avenue|Reserve Security|1974
631|AW00000631|631-555-0155|Specialty Bike Shop|Tandem Sales and Service|34|A|Road|63 Free St.|International Bank|1976
632|AW00000632|1 (11) 500 555-0156|Warehouse|Ultimate Bicycle Company|94|Q|Mountain|12, rue Lafayette|International Security|1978
633|AW00000633|1 (11) 500 555-0144|Value Added Reseller|Rustic Bike Store|12|S|Touring|Buergermeister-ulrich-str 3000|Primary International|1980
634|AW00000634|1 (11) 500 555-0159|Specialty Bike Shop|Sensible Sports|33|A|Touring|Level 5|United Security|1982
635|AW00000635|1 (11) 500 555-0110|Warehouse|Sports Store|95|Q|Mountain|Internet House, 3399 Science Park|Primary Bank & Reserve|1984
636|AW00000636|117-555-0110|Value Added Reseller|Recreation Systems|14|S|Road|Logansport Mall|Guardian Bank|1986
637|AW00000637|666-555-0143|Specialty Bike Shop|Reliable Retail Center|32|A|Road|609 Evans Avenue|Reserve Security|1988
638|AW00000638|1 (11) 500 555-0175|Warehouse|Metropolitan Equipment|96|Q|Road|88, avenue de l' Union Centrale|International Bank|1990
639|AW00000639|1 (11) 500 555-0178|Value Added Reseller|Producer Goods Clearinghouse|16|S|Road|Postfach 55 00 00|International Security|1992
640|AW00000640|1 (11) 500 555-0196|Specialty Bike Shop|Liquidation Sales|31|A|Touring|No. 6|Primary International|1994
641|AW00000641|1 (11) 500 555-0140|Warehouse|Extended Tours|97|Q|Road|7 Garden House Cloisters, 8 Batters|United Security|1996
642|AW00000642|215-555-0197|Value Added Reseller|Fitness Sport Boutique|18|S|Mountain|Dansk Square|Primary Bank & Reserve|1998
643|AW00000643|537-555-0190|Specialty Bike Shop|Friendly Bike Shop|30|A|Road|Port Huron|Guardian Bank|2000
644|AW00000644|684-555-0134|Warehouse|Convenient Sales and Service|98|Q|Road|950 Gateway Street|Reserve Security|2002
645|AW00000645|784-555-0120|Value Added Reseller|Superior Hardware Distributors|20|S|Mountain|250775 SW Hillsdale Hwy|International Bank|2004
646|AW00000646|470-555-0171|Specialty Bike Shop|Yellow Bicycle Company|29|A|Mountain|St. Louis Marketplace|International Security|2005
647|AW00000647|918-555-0141|Warehouse|Solid Bike Parts|99|Q|Road|Lincoln Square|Primary International|2003
648|AW00000648|158-555-0154|Value Added Reseller|Small Bike Shop|19|S|Mountain|Corp Ofc Accts Payable|United Security|2004
649|AW00000649|245-555-0191|Specialty Bike Shop|Sports Products Store|28|A|Road|Po Box 252525|Primary Bank & Reserve|1975
650|AW00000650|265-555-0143|Warehouse|Permanent Finish Products|100|Q|Mountain|62500 Neil Road|Guardian Bank|2003
651|AW00000651|456-555-0184|Value Added Reseller|Retread Tire Company|18|S|Road|9935 Robert C Daniel Jr Parkway|Reserve Security|1979
652|AW00000652|774-555-0177|Specialty Bike Shop|Selected Distributors|27|A|Mountain|99535 Dallas Highway|International Bank|2002
653|AW00000653|680-555-0160|Warehouse|Mercantile Outlet|66|Q|Mountain|2520 Flanders Road|International Security|1983
654|AW00000654|214-555-0145|Value Added Reseller|Online Bike Warehouse|17|S|Road|32605 West 252 Mile Road, Suite 250|Primary International|2001
655|AW00000655|790-555-0197|Value Added Reseller|Operational Manufacturing|2|S|Mountain|25730, boul. St-R‚gis|United Security|1974
656|AW00000656|1 (11) 500 555-0134|Specialty Bike Shop|Impervious Paint Company|10|A|Mountain|3383, rue Lamarck|Primary Bank & Reserve|1976
657|AW00000657|1 (11) 500 555-0158|Warehouse|Links Works|40|Q|Mountain|Helsenbergbogen 6|Guardian Bank|1978
658|AW00000658|1 (11) 500 555-0197|Value Added Reseller|Mass Market Bikes|5|S|Touring|Level 59|Reserve Security|1980
659|AW00000659|1 (11) 500 555-0174|Specialty Bike Shop|Shipping Specialists|13|A|Road|25 Hartfield Road, Wimbledon|International Bank|1982
660|AW00000660|371-555-0184|Warehouse|Exhilarating Cycles|43|Q|Road|Kensington Valley Shops|International Security|1984
661|AW00000661|143-555-0129|Value Added Reseller|General Department Stores|8|S|Mountain|253131 Lake Frasier Drive, Office No. 2|Primary International|1986
662|AW00000662|1 (11) 500 555-0146|Specialty Bike Shop|Finer Sporting Goods|16|A|Touring|28, avenue des Champs-Elys‚es|United Security|1988
663|AW00000663|1 (11) 500 555-0112|Warehouse|Capital Riding Supplies|46|Q|Mountain|Buergermeister-ulrich-str 9500|Primary Bank & Reserve|1990
664|AW00000664|1 (11) 500 555-0118|Value Added Reseller|Eastside Cycle Shop|11|S|Touring|45671 Queens Road Ct.|Guardian Bank|1992
665|AW00000665|1 (11) 500 555-0178|Specialty Bike Shop|Authentic Sales and Service|19|A|Mountain|99 Dean Street, Soho|Reserve Security|1994
666|AW00000666|916-555-0133|Warehouse|Bike Boutique|49|Q|Road|Polaris Town Center|International Bank|1996
667|AW00000667|272-555-0126|Value Added Reseller|Traditional Department Stores|14|S|Mountain|Green Acres Mall|International Security|1998
668|AW00000668|942-555-0141|Specialty Bike Shop|Official Parts Shop|22|A|Road|9905 Three Rivers Drive|Primary International|2000
669|AW00000669|899-555-0134|Warehouse|Racing Bike Outlet|52|Q|Road|225 South 314th Street|United Security|2002
670|AW00000670|859-555-0140|Value Added Reseller|First Bike Store|17|S|Road|Kansas City Factory Outlet|Primary Bank & Reserve|2004
671|AW00000671|747-555-0113|Specialty Bike Shop|Contoso, Ltd.|25|A|Road|Fiesta Trail Shopping Center|Guardian Bank|2005
672|AW00000672|169-555-0178|Warehouse|Utilitarian Sporting Goods|55|Q|Touring|4635 S. Harrison Blvd.|Reserve Security|2003
673|AW00000673|107-555-0117|Value Added Reseller|Countryside Company|20|S|Mountain|825 W 500 S|International Bank|2004
674|AW00000674|685-555-0117|Specialty Bike Shop|Discount Tours|28|A|Road|603 Gellert Blvd|International Security|1975
675|AW00000675|698-555-0183|Warehouse|Bike Goods|58|Q|Road|254075 Biscayne Blvd.|Primary International|2003
676|AW00000676|967-555-0129|Value Added Reseller|Better Bike Shop|19|S|Mountain|42525 Austell Road|United Security|1979
677|AW00000677|394-555-0168|Specialty Bike Shop|Tire Exchange|31|A|Mountain|9984 Wellington Street|Primary Bank & Reserve|2002
678|AW00000678|916-555-0137|Warehouse|Vigorous Exercise Company|61|Q|Mountain|9950 Ferrand Drive, 9th Floor|Guardian Bank|1983
679|AW00000679|393-555-0167|Value Added Reseller|Superb Sales and Repair|18|S|Road|990th Floor 700 De La GauchetiSre Ou|Reserve Security|2001
680|AW00000680|1 (11) 500 555-0139|Specialty Bike Shop|Racing Tours|34|A|Mountain|21, avenue de la Gare|International Bank|1987
681|AW00000681|1 (11) 500 555-0153|Warehouse|Showcase for Cycles|64|Q|Road|Erftplatz 22|International Security|2000
682|AW00000682|1 (11) 500 555-0182|Value Added Reseller|Popular Bike Lines|17|S|Touring|Level 7|Primary International|1991
683|AW00000683|1 (11) 500 555-0137|Specialty Bike Shop|Oils and Fluids Warehouse|37|A|Mountain|Park House-4th Floor, 2516 Park St.|United Security|1999
684|AW00000684|158-555-0188|Warehouse|Lease-a-Bike Shop|67|Q|Road|Connecticut Post Mall|Primary Bank & Reserve|1995
685|AW00000685|763-555-0120|Value Added Reseller|Family Cycle Store|16|S|Mountain|660 Saint-Jacques, Bureau 400|Guardian Bank|1998
686|AW00000686|1 (11) 500 555-0177|Specialty Bike Shop|Finished Parts Shop|40|A|Mountain|62, route de Marseille|Reserve Security|1999
687|AW00000687|1 (11) 500 555-0178|Warehouse|Functional Store South|70|Q|Mountain|Viktoria-Luise-Platz 475|International Bank|1997
688|AW00000688|1 (11) 500 555-0191|Value Added Reseller|Bike Part Wholesalers|15|S|Touring|254a Baker Street|International Security|2003
689|AW00000689|1 (11) 500 555-0113|Specialty Bike Shop|Consumer Equipment|43|A|Road|67 Vincent Square, Victoria|Primary International|1996
690|AW00000690|362-555-0121|Warehouse|Active Cycling|73|Q|Road|Indian Mound Mall|United Security|2002
691|AW00000691|751-555-0119|Value Added Reseller|Mountain Bike Store|14|S|Touring|Amity Plaza|Primary Bank & Reserve|1995
692|AW00000692|143-555-0113|Specialty Bike Shop|Successful Sales Company|46|A|Road|7009 Sw Hall Blvd.|Guardian Bank|2001
693|AW00000693|539-555-0121|Warehouse|Stock Parts and Supplies|76|Q|Touring|99295 S.e. Tualatin Valley_hwy.|Reserve Security|1994
694|AW00000694|713-555-0168|Value Added Reseller|The Accessories Store|13|S|Road|Medford Outlet Center|International Bank|2000
695|AW00000695|620-555-0117|Specialty Bike Shop|Responsible Bike Dealers|49|A|Mountain|Ward Parkway Center|International Security|1993
696|AW00000696|962-555-0144|Warehouse|Roadway Supplies|79|Q|Road|2564 S. Redwood Rd.|Primary International|1999
697|AW00000697|774-555-0133|Value Added Reseller|Brakes and Gears|12|S|Mountain|9927 N. Main St.|United Security|1992
698|AW00000698|944-555-0148|Specialty Bike Shop|Western Bike Supplies|48|A|Road|566 S. Main|Primary Bank & Reserve|1998
699|AW00000699|716-555-0123|Warehouse|Sensational Discount Store|80|Q|Road|6333 Cloverleaf Parkway|Guardian Bank|1991
700|AW00000700|703-555-0158|Value Added Reseller|Underglaze and Finish Company|11|S|Road|8520 University City Blvd|Reserve Security|1997
701|AW00000701|674-555-0188|Warehouse|Future Bikes|81|Q|Road|67255 - 8th Street N.E., Suite 350|Guardian Bank|1996
